airport,station,date,datatype,value,attributes
ORD,GHCND:USW00094846,2024-01-01,AWND,45,",,W,"
ORD,GHCND:USW00094846,2024-01-01,PRCP,0,"T,,W,2400"
ORD,GHCND:USW00094846,2024-01-01,TMAX,0,",,W,2400"
ORD,GHCND:USW00094846,2024-01-01,TMIN,-27,",,W,2400"
ORD,GHCND:USW00094846,2024-01-01,WSF2,81,",,W,"
ORD,GHCND:USW00094846,2024-01-02,AWND,54,",,W,"
ORD,GHCND:USW00094846,2024-01-02,PRCP,0,"T,,W,2400"
ORD,GHCND:USW00094846,2024-01-02,TMAX,39,",,W,2400"
ORD,GHCND:USW00094846,2024-01-02,TMIN,-32,",,W,2400"
ORD,GHCND:USW00094846,2024-01-02,WSF2,98,",,W,"
ORD,GHCND:USW00094846,2024-01-02,WT01,1,",,W,"
ORD,GHCND:USW00094846,2024-01-03,AWND,32,",,W,"
ORD,GHCND:USW00094846,2024-01-03,PRCP,0,"T,,W,2400"
ORD,GHCND:USW00094846,2024-01-03,TMAX,22,",,W,2400"
ORD,GHCND:USW00094846,2024-01-03,TMIN,-5,",,W,2400"
ORD,GHCND:USW00094846,2024-01-03,WSF2,63,",,W,"
ORD,GHCND:USW00094846,2024-01-03,WT01,1,",,W,"
ORD,GHCND:USW00094846,2024-01-04,AWND,22,",,W,"
ORD,GHCND:USW00094846,2024-01-04,PRCP,0,",,W,2400"
ORD,GHCND:USW00094846,2024-01-04,TMAX,28,",,W,2400"
ORD,GHCND:USW00094846,2024-01-04,TMIN,-43,",,W,2400"
ORD,GHCND:USW00094846,2024-01-04,WSF2,72,",,W,"
ORD,GHCND:USW00094846,2024-01-05,AWND,30,",,W,"
ORD,GHCND:USW00094846,2024-01-05,PRCP,3,",,W,2400"
ORD,GHCND:USW00094846,2024-01-05,TMAX,28,",,W,2400"
ORD,GHCND:USW00094846,2024-01-05,TMIN,-32,",,W,2400"
ORD,GHCND:USW00094846,2024-01-05,WSF2,58,",,W,"
ORD,GHCND:USW00094846,2024-01-05,WT01,1,",,W,"
ORD,GHCND:USW00094846,2024-01-06,AWND,19,",,W,"
ORD,GHCND:USW00094846,2024-01-06,PRCP,53,",,W,2400"
ORD,GHCND:USW00094846,2024-01-06,TMAX,11,",,W,2400"
ORD,GHCND:USW00094846,2024-01-06,TMIN,-5,",,W,2400"
ORD,GHCND:USW00094846,2024-01-06,WSF2,45,",,W,"
ORD,GHCND:USW00094846,2024-01-06,WT01,1,",,W,"
ORD,GHCND:USW00094846,2024-01-07,AWND,35,",,W,"
ORD,GHCND:USW00094846,2024-01-07,PRCP,5,",,W,2400"
ORD,GHCND:USW00094846,2024-01-07,TMAX,11,",,W,2400"
ORD,GHCND:USW00094846,2024-01-07,TMIN,-5,",,W,2400"
ORD,GHCND:USW00094846,2024-01-07,WSF2,63,",,W,"
ORD,GHCND:USW00094846,2024-01-07,WT01,1,",,W,"
ORD,GHCND:USW00094846,2024-01-08,AWND,40,",,W,"
ORD,GHCND:USW00094846,2024-01-08,PRCP,20,",,W,2400"
ORD,GHCND:USW00094846,2024-01-08,TMAX,22,",,W,2400"
ORD,GHCND:USW00094846,2024-01-08,TMIN,-10,",,W,2400"
ORD,GHCND:USW00094846,2024-01-08,WSF2,81,",,W,"
ORD,GHCND:USW00094846,2024-01-08,WT01,1,",,W,"
ORD,GHCND:USW00094846,2024-01-09,AWND,59,",,W,"
ORD,GHCND:USW00094846,2024-01-09,PRCP,236,",,W,2400"
ORD,GHCND:USW00094846,2024-01-09,TMAX,22,",,W,2400"
ORD,GHCND:USW00094846,2024-01-09,TMIN,6,",,W,2400"
ORD,GHCND:USW00094846,2024-01-09,WSF2,103,",,W,"
ORD,GHCND:USW00094846,2024-01-09,WT01,1,",,W,"
ORD,GHCND:USW00094846,2024-01-10,AWND,54,",,W,"
ORD,GHCND:USW00094846,2024-01-10,PRCP,0,"T,,W,2400"
ORD,GHCND:USW00094846,2024-01-10,TMAX,11,",,W,2400"
ORD,GHCND:USW00094846,2024-01-10,TMIN,-10,",,W,2400"
ORD,GHCND:USW00094846,2024-01-10,WSF2,103,",,W,"
ORD,GHCND:USW00094846,2024-01-10,WT01,1,",,W,"
ORD,GHCND:USW00094846,2024-01-11,AWND,37,",,W,"
ORD,GHCND:USW00094846,2024-01-11,PRCP,3,",,W,2400"
ORD,GHCND:USW00094846,2024-01-11,TMAX,11,",,W,2400"
ORD,GHCND:USW00094846,2024-01-11,TMIN,-27,",,W,2400"
ORD,GHCND:USW00094846,2024-01-11,WSF2,98,",,W,"
ORD,GHCND:USW00094846,2024-01-11,WT01,1,",,W,"
ORD,GHCND:USW00094846,2024-01-12,AWND,60,",,W,"
ORD,GHCND:USW00094846,2024-01-12,PRCP,196,",,W,2400"
ORD,GHCND:USW00094846,2024-01-12,TMAX,22,",,W,2400"
ORD,GHCND:USW00094846,2024-01-12,TMIN,-10,",,W,2400"
ORD,GHCND:USW00094846,2024-01-12,WSF2,165,",,W,"
ORD,GHCND:USW00094846,2024-01-12,WT01,1,",,W,"
ORD,GHCND:USW00094846,2024-01-13,AWND,74,",,W,"
ORD,GHCND:USW00094846,2024-01-13,PRCP,23,",,W,2400"
ORD,GHCND:USW00094846,2024-01-13,TMAX,6,",,W,2400"
ORD,GHCND:USW00094846,2024-01-13,TMIN,-171,",,W,2400"
ORD,GHCND:USW00094846,2024-01-13,WSF2,125,",,W,"
ORD,GHCND:USW00094846,2024-01-13,WT01,1,",,W,"
ORD,GHCND:USW00094846,2024-01-14,AWND,72,",,W,"
ORD,GHCND:USW00094846,2024-01-14,PRCP,0,"T,,W,2400"
ORD,GHCND:USW00094846,2024-01-14,TMAX,-160,",,W,2400"
ORD,GHCND:USW00094846,2024-01-14,TMIN,-232,",,W,2400"
ORD,GHCND:USW00094846,2024-01-14,WSF2,116,",,W,"
ORD,GHCND:USW00094846,2024-01-15,AWND,49,",,W,"
ORD,GHCND:USW00094846,2024-01-15,PRCP,0,",,W,2400"
ORD,GHCND:USW00094846,2024-01-15,TMAX,-166,",,W,2400"
ORD,GHCND:USW00094846,2024-01-15,TMIN,-232,",,W,2400"
ORD,GHCND:USW00094846,2024-01-15,WSF2,72,",,W,"
ORD,GHCND:USW00094846,2024-01-16,AWND,72,",,W,"
ORD,GHCND:USW00094846,2024-01-16,PRCP,0,",,W,2400"
ORD,GHCND:USW00094846,2024-01-16,TMAX,-160,",,W,2400"
ORD,GHCND:USW00094846,2024-01-16,TMIN,-216,",,W,2400"
ORD,GHCND:USW00094846,2024-01-16,WSF2,107,",,W,"
ORD,GHCND:USW00094846,2024-01-17,AWND,58,",,W,"
ORD,GHCND:USW00094846,2024-01-17,PRCP,0,",,W,2400"
ORD,GHCND:USW00094846,2024-01-17,TMAX,-66,",,W,2400"
ORD,GHCND:USW00094846,2024-01-17,TMIN,-166,",,W,2400"
ORD,GHCND:USW00094846,2024-01-17,WSF2,98,",,W,"
ORD,GHCND:USW00094846,2024-01-18,AWND,29,",,W,"
ORD,GHCND:USW00094846,2024-01-18,PRCP,15,",,W,2400"
ORD,GHCND:USW00094846,2024-01-18,TMAX,-21,",,W,2400"
ORD,GHCND:USW00094846,2024-01-18,TMIN,-110,",,W,2400"
ORD,GHCND:USW00094846,2024-01-18,WSF2,72,",,W,"
ORD,GHCND:USW00094846,2024-01-18,WT01,1,",,W,"
ORD,GHCND:USW00094846,2024-01-19,AWND,63,",,W,"
ORD,GHCND:USW00094846,2024-01-19,PRCP,10,",,W,2400"
ORD,GHCND:USW00094846,2024-01-19,TMAX,-99,",,W,2400"
ORD,GHCND:USW00094846,2024-01-19,TMIN,-149,",,W,2400"
ORD,GHCND:USW00094846,2024-01-19,WSF2,89,",,W,"
ORD,GHCND:USW00094846,2024-01-19,WT01,1,",,W,"
ORD,GHCND:USW00094846,2024-01-20,AWND,44,",,W,"
ORD,GHCND:USW00094846,2024-01-20,PRCP,0,",,W,2400"
ORD,GHCND:USW00094846,2024-01-20,TMAX,-77,",,W,2400"
ORD,GHCND:USW00094846,2024-01-20,TMIN,-155,",,W,2400"
ORD,GHCND:USW00094846,2024-01-20,WSF2,67,",,W,"
ORD,GHCND:USW00094846,2024-01-21,AWND,44,",,W,"
ORD,GHCND:USW00094846,2024-01-21,PRCP,0,",,W,2400"
ORD,GHCND:USW00094846,2024-01-21,TMAX,-60,",,W,2400"
ORD,GHCND:USW00094846,2024-01-21,TMIN,-171,",,W,2400"
ORD,GHCND:USW00094846,2024-01-21,WSF2,89,",,W,"
ORD,GHCND:USW00094846,2024-01-22,AWND,51,",,W,"
ORD,GHCND:USW00094846,2024-01-22,PRCP,8,",,W,2400"
ORD,GHCND:USW00094846,2024-01-22,TMAX,11,",,W,2400"
ORD,GHCND:USW00094846,2024-01-22,TMIN,-60,",,W,2400"
ORD,GHCND:USW00094846,2024-01-22,WSF2,94,",,W,"
ORD,GHCND:USW00094846,2024-01-22,WT01,1,",,W,"
ORD,GHCND:USW00094846,2024-01-23,AWND,17,",,W,"
ORD,GHCND:USW00094846,2024-01-23,PRCP,91,",,W,2400"
ORD,GHCND:USW00094846,2024-01-23,TMAX,28,",,W,2400"
ORD,GHCND:USW00094846,2024-01-23,TMIN,6,",,W,2400"
ORD,GHCND:USW00094846,2024-01-23,WSF2,40,",,W,"
ORD,GHCND:USW00094846,2024-01-23,WT01,1,",,W,"
ORD,GHCND:USW00094846,2024-01-24,AWND,26,",,W,"
ORD,GHCND:USW00094846,2024-01-24,PRCP,46,",,W,2400"
ORD,GHCND:USW00094846,2024-01-24,TMAX,33,",,W,2400"
ORD,GHCND:USW00094846,2024-01-24,TMIN,11,",,W,2400"
ORD,GHCND:USW00094846,2024-01-24,WSF2,54,",,W,"
ORD,GHCND:USW00094846,2024-01-24,WT01,1,",,W,"
ORD,GHCND:USW00094846,2024-01-25,AWND,40,",,W,"
ORD,GHCND:USW00094846,2024-01-25,PRCP,71,",,W,2400"
ORD,GHCND:USW00094846,2024-01-25,TMAX,33,",,W,2400"
ORD,GHCND:USW00094846,2024-01-25,TMIN,17,",,W,2400"
ORD,GHCND:USW00094846,2024-01-25,WSF2,72,",,W,"
ORD,GHCND:USW00094846,2024-01-25,WT01,1,",,W,"
ORD,GHCND:USW00094846,2024-01-26,AWND,26,",,W,"
ORD,GHCND:USW00094846,2024-01-26,PRCP,97,",,W,2400"
ORD,GHCND:USW00094846,2024-01-26,TMAX,44,",,W,2400"
ORD,GHCND:USW00094846,2024-01-26,TMIN,28,",,W,2400"
ORD,GHCND:USW00094846,2024-01-26,WSF2,72,",,W,"
ORD,GHCND:USW00094846,2024-01-26,WT01,1,",,W,"
ORD,GHCND:USW00094846,2024-01-27,AWND,34,",,W,"
ORD,GHCND:USW00094846,2024-01-27,PRCP,3,",,W,2400"
ORD,GHCND:USW00094846,2024-01-27,TMAX,50,",,W,2400"
ORD,GHCND:USW00094846,2024-01-27,TMIN,22,",,W,2400"
ORD,GHCND:USW00094846,2024-01-27,WSF2,76,",,W,"
ORD,GHCND:USW00094846,2024-01-27,WT01,1,",,W,"
ORD,GHCND:USW00094846,2024-01-28,AWND,51,",,W,"
ORD,GHCND:USW00094846,2024-01-28,PRCP,10,",,W,2400"
ORD,GHCND:USW00094846,2024-01-28,TMAX,39,",,W,2400"
ORD,GHCND:USW00094846,2024-01-28,TMIN,6,",,W,2400"
ORD,GHCND:USW00094846,2024-01-28,WSF2,94,",,W,"
ORD,GHCND:USW00094846,2024-01-28,WT01,1,",,W,"
ORD,GHCND:USW00094846,2024-01-29,AWND,49,",,W,"
ORD,GHCND:USW00094846,2024-01-29,PRCP,0,",,W,2400"
ORD,GHCND:USW00094846,2024-01-29,TMAX,39,",,W,2400"
ORD,GHCND:USW00094846,2024-01-29,TMIN,-10,",,W,2400"
ORD,GHCND:USW00094846,2024-01-29,WSF2,89,",,W,"
ORD,GHCND:USW00094846,2024-01-29,WT01,1,",,W,"
ORD,GHCND:USW00094846,2024-01-30,AWND,43,",,W,"
ORD,GHCND:USW00094846,2024-01-30,PRCP,0,"T,,W,2400"
ORD,GHCND:USW00094846,2024-01-30,TMAX,50,",,W,2400"
ORD,GHCND:USW00094846,2024-01-30,TMIN,28,",,W,2400"
ORD,GHCND:USW00094846,2024-01-30,WSF2,76,",,W,"
ORD,GHCND:USW00094846,2024-01-30,WT01,1,",,W,"
ORD,GHCND:USW00094846,2024-01-31,AWND,45,",,W,"
ORD,GHCND:USW00094846,2024-01-31,PRCP,0,",,W,2400"
ORD,GHCND:USW00094846,2024-01-31,TMAX,33,",,W,2400"
ORD,GHCND:USW00094846,2024-01-31,TMIN,22,",,W,2400"
ORD,GHCND:USW00094846,2024-01-31,WSF2,89,",,W,"
DFW,GHCND:USW00003927,2024-01-01,AWND,46,",,W,"
DFW,GHCND:USW00003927,2024-01-01,PRCP,0,",,W,2400"
DFW,GHCND:USW00003927,2024-01-01,TMAX,83,",,W,2400"
DFW,GHCND:USW00003927,2024-01-01,TMIN,6,",,W,2400"
DFW,GHCND:USW00003927,2024-01-01,WSF2,94,",,W,"
DFW,GHCND:USW00003927,2024-01-02,AWND,17,",,W,"
DFW,GHCND:USW00003927,2024-01-02,PRCP,99,",,W,2400"
DFW,GHCND:USW00003927,2024-01-02,TMAX,94,",,W,2400"
DFW,GHCND:USW00003927,2024-01-02,TMIN,6,",,W,2400"
DFW,GHCND:USW00003927,2024-01-02,WSF2,67,",,W,"
DFW,GHCND:USW00003927,2024-01-02,WT01,1,",,W,"
DFW,GHCND:USW00003927,2024-01-03,AWND,18,",,W,"
DFW,GHCND:USW00003927,2024-01-03,PRCP,0,"T,,W,2400"
DFW,GHCND:USW00003927,2024-01-03,TMAX,133,",,W,2400"
DFW,GHCND:USW00003927,2024-01-03,TMIN,50,",,W,2400"
DFW,GHCND:USW00003927,2024-01-03,WSF2,58,",,W,"
DFW,GHCND:USW00003927,2024-01-03,WT01,1,",,W,"
DFW,GHCND:USW00003927,2024-01-04,AWND,40,",,W,"
DFW,GHCND:USW00003927,2024-01-04,PRCP,3,",,W,2400"
DFW,GHCND:USW00003927,2024-01-04,TMAX,144,",,W,2400"
DFW,GHCND:USW00003927,2024-01-04,TMIN,22,",,W,2400"
DFW,GHCND:USW00003927,2024-01-04,WSF2,107,",,W,"
DFW,GHCND:USW00003927,2024-01-04,WT01,1,",,W,"
DFW,GHCND:USW00003927,2024-01-05,AWND,38,",,W,"
DFW,GHCND:USW00003927,2024-01-05,PRCP,112,",,W,2400"
DFW,GHCND:USW00003927,2024-01-05,TMAX,117,",,W,2400"
DFW,GHCND:USW00003927,2024-01-05,TMIN,72,",,W,2400"
DFW,GHCND:USW00003927,2024-01-05,WSF2,103,",,W,"
DFW,GHCND:USW00003927,2024-01-05,WT01,1,",,W,"
DFW,GHCND:USW00003927,2024-01-06,AWND,45,",,W,"
DFW,GHCND:USW00003927,2024-01-06,PRCP,0,",,W,2400"
DFW,GHCND:USW00003927,2024-01-06,TMAX,100,",,W,2400"
DFW,GHCND:USW00003927,2024-01-06,TMIN,44,",,W,2400"
DFW,GHCND:USW00003927,2024-01-06,WSF2,89,",,W,"
DFW,GHCND:USW00003927,2024-01-07,AWND,52,",,W,"
DFW,GHCND:USW00003927,2024-01-07,PRCP,0,",,W,2400"
DFW,GHCND:USW00003927,2024-01-07,TMAX,156,",,W,2400"
DFW,GHCND:USW00003927,2024-01-07,TMIN,0,",,W,2400"
DFW,GHCND:USW00003927,2024-01-07,WSF2,107,",,W,"
DFW,GHCND:USW00003927,2024-01-08,AWND,81,",,W,"
DFW,GHCND:USW00003927,2024-01-08,PRCP,119,",,W,2400"
DFW,GHCND:USW00003927,2024-01-08,TMAX,139,",,W,2400"
DFW,GHCND:USW00003927,2024-01-08,TMIN,39,",,W,2400"
DFW,GHCND:USW00003927,2024-01-08,WSF2,174,",,W,"
DFW,GHCND:USW00003927,2024-01-08,WT01,1,",,W,"
DFW,GHCND:USW00003927,2024-01-08,WT03,1,",,W,"
DFW,GHCND:USW00003927,2024-01-09,AWND,82,",,W,"
DFW,GHCND:USW00003927,2024-01-09,PRCP,0,",,W,2400"
DFW,GHCND:USW00003927,2024-01-09,TMAX,100,",,W,2400"
DFW,GHCND:USW00003927,2024-01-09,TMIN,11,",,W,2400"
DFW,GHCND:USW00003927,2024-01-09,WSF2,161,",,W,"
DFW,GHCND:USW00003927,2024-01-10,AWND,60,",,W,"
DFW,GHCND:USW00003927,2024-01-10,PRCP,0,",,W,2400"
DFW,GHCND:USW00003927,2024-01-10,TMAX,194,",,W,2400"
DFW,GHCND:USW00003927,2024-01-10,TMIN,0,",,W,2400"
DFW,GHCND:USW00003927,2024-01-10,WSF2,139,",,W,"
DFW,GHCND:USW00003927,2024-01-11,AWND,47,",,W,"
DFW,GHCND:USW00003927,2024-01-11,PRCP,0,",,W,2400"
DFW,GHCND:USW00003927,2024-01-11,TMAX,217,",,W,2400"
DFW,GHCND:USW00003927,2024-01-11,TMIN,33,",,W,2400"
DFW,GHCND:USW00003927,2024-01-11,WSF2,107,",,W,"
DFW,GHCND:USW00003927,2024-01-12,AWND,68,",,W,"
DFW,GHCND:USW00003927,2024-01-12,PRCP,5,",,W,2400"
DFW,GHCND:USW00003927,2024-01-12,TMAX,172,",,W,2400"
DFW,GHCND:USW00003927,2024-01-12,TMIN,-16,",,W,2400"
DFW,GHCND:USW00003927,2024-01-12,WSF2,170,",,W,"
DFW,GHCND:USW00003927,2024-01-12,WT03,1,",,W,"
DFW,GHCND:USW00003927,2024-01-13,AWND,67,",,W,"
DFW,GHCND:USW00003927,2024-01-13,PRCP,0,",,W,2400"
DFW,GHCND:USW00003927,2024-01-13,TMAX,172,",,W,2400"
DFW,GHCND:USW00003927,2024-01-13,TMIN,-55,",,W,2400"
DFW,GHCND:USW00003927,2024-01-13,WSF2,139,",,W,"
DFW,GHCND:USW00003927,2024-01-14,AWND,69,",,W,"
DFW,GHCND:USW00003927,2024-01-14,PRCP,8,",,W,2400"
DFW,GHCND:USW00003927,2024-01-14,TMAX,-55,",,W,2400"
DFW,GHCND:USW00003927,2024-01-14,TMIN,-105,",,W,2400"
DFW,GHCND:USW00003927,2024-01-14,WSF2,94,",,W,"
DFW,GHCND:USW00003927,2024-01-14,WT01,1,",,W,"
DFW,GHCND:USW00003927,2024-01-15,AWND,69,",,W,"
DFW,GHCND:USW00003927,2024-01-15,PRCP,18,",,W,2400"
DFW,GHCND:USW00003927,2024-01-15,TMAX,-32,",,W,2400"
DFW,GHCND:USW00003927,2024-01-15,TMIN,-116,",,W,2400"
DFW,GHCND:USW00003927,2024-01-15,WSF2,116,",,W,"
DFW,GHCND:USW00003927,2024-01-15,WT01,1,",,W,"
DFW,GHCND:USW00003927,2024-01-16,AWND,52,",,W,"
DFW,GHCND:USW00003927,2024-01-16,PRCP,0,",,W,2400"
DFW,GHCND:USW00003927,2024-01-16,TMAX,-21,",,W,2400"
DFW,GHCND:USW00003927,2024-01-16,TMIN,-110,",,W,2400"
DFW,GHCND:USW00003927,2024-01-16,WSF2,107,",,W,"
DFW,GHCND:USW00003927,2024-01-17,AWND,62,",,W,"
DFW,GHCND:USW00003927,2024-01-17,PRCP,0,",,W,2400"
DFW,GHCND:USW00003927,2024-01-17,TMAX,67,",,W,2400"
DFW,GHCND:USW00003927,2024-01-17,TMIN,-88,",,W,2400"
DFW,GHCND:USW00003927,2024-01-17,WSF2,112,",,W,"
DFW,GHCND:USW00003927,2024-01-18,AWND,61,",,W,"
DFW,GHCND:USW00003927,2024-01-18,PRCP,0,",,W,2400"
DFW,GHCND:USW00003927,2024-01-18,TMAX,156,",,W,2400"
DFW,GHCND:USW00003927,2024-01-18,TMIN,33,",,W,2400"
DFW,GHCND:USW00003927,2024-01-18,WSF2,125,",,W,"
DFW,GHCND:USW00003927,2024-01-19,AWND,72,",,W,"
DFW,GHCND:USW00003927,2024-01-19,PRCP,0,",,W,2400"
DFW,GHCND:USW00003927,2024-01-19,TMAX,67,",,W,2400"
DFW,GHCND:USW00003927,2024-01-19,TMIN,-43,",,W,2400"
DFW,GHCND:USW00003927,2024-01-19,WSF2,134,",,W,"
DFW,GHCND:USW00003927,2024-01-20,AWND,32,",,W,"
DFW,GHCND:USW00003927,2024-01-20,PRCP,0,",,W,2400"
DFW,GHCND:USW00003927,2024-01-20,TMAX,33,",,W,2400"
DFW,GHCND:USW00003927,2024-01-20,TMIN,-71,",,W,2400"
DFW,GHCND:USW00003927,2024-01-20,WSF2,72,",,W,"
DFW,GHCND:USW00003927,2024-01-21,AWND,57,",,W,"
DFW,GHCND:USW00003927,2024-01-21,PRCP,61,",,W,2400"
DFW,GHCND:USW00003927,2024-01-21,TMAX,50,",,W,2400"
DFW,GHCND:USW00003927,2024-01-21,TMIN,0,",,W,2400"
DFW,GHCND:USW00003927,2024-01-21,WSF2,81,",,W,"
DFW,GHCND:USW00003927,2024-01-21,WT01,1,",,W,"
DFW,GHCND:USW00003927,2024-01-22,AWND,29,",,W,"
DFW,GHCND:USW00003927,2024-01-22,PRCP,124,",,W,2400"
DFW,GHCND:USW00003927,2024-01-22,TMAX,44,",,W,2400"
DFW,GHCND:USW00003927,2024-01-22,TMIN,0,",,W,2400"
DFW,GHCND:USW00003927,2024-01-22,WSF2,54,",,W,"
DFW,GHCND:USW00003927,2024-01-22,WT01,1,",,W,"
DFW,GHCND:USW00003927,2024-01-23,AWND,29,",,W,"
DFW,GHCND:USW00003927,2024-01-23,PRCP,86,",,W,2400"
DFW,GHCND:USW00003927,2024-01-23,TMAX,100,",,W,2400"
DFW,GHCND:USW00003927,2024-01-23,TMIN,39,",,W,2400"
DFW,GHCND:USW00003927,2024-01-23,WSF2,58,",,W,"
DFW,GHCND:USW00003927,2024-01-23,WT01,1,",,W,"
DFW,GHCND:USW00003927,2024-01-24,AWND,30,",,W,"
DFW,GHCND:USW00003927,2024-01-24,PRCP,8,",,W,2400"
DFW,GHCND:USW00003927,2024-01-24,TMAX,111,",,W,2400"
DFW,GHCND:USW00003927,2024-01-24,TMIN,72,",,W,2400"
DFW,GHCND:USW00003927,2024-01-24,WSF2,58,",,W,"
DFW,GHCND:USW00003927,2024-01-24,WT01,1,",,W,"
DFW,GHCND:USW00003927,2024-01-25,AWND,26,",,W,"
DFW,GHCND:USW00003927,2024-01-25,PRCP,0,"T,,W,2400"
DFW,GHCND:USW00003927,2024-01-25,TMAX,133,",,W,2400"
DFW,GHCND:USW00003927,2024-01-25,TMIN,78,",,W,2400"
DFW,GHCND:USW00003927,2024-01-25,WSF2,54,",,W,"
DFW,GHCND:USW00003927,2024-01-25,WT01,1,",,W,"
DFW,GHCND:USW00003927,2024-01-26,AWND,40,",,W,"
DFW,GHCND:USW00003927,2024-01-26,PRCP,89,",,W,2400"
DFW,GHCND:USW00003927,2024-01-26,TMAX,111,",,W,2400"
DFW,GHCND:USW00003927,2024-01-26,TMIN,94,",,W,2400"
DFW,GHCND:USW00003927,2024-01-26,WSF2,76,",,W,"
DFW,GHCND:USW00003927,2024-01-26,WT01,1,",,W,"
DFW,GHCND:USW00003927,2024-01-27,AWND,64,",,W,"
DFW,GHCND:USW00003927,2024-01-27,PRCP,81,",,W,2400"
DFW,GHCND:USW00003927,2024-01-27,TMAX,111,",,W,2400"
DFW,GHCND:USW00003927,2024-01-27,TMIN,28,",,W,2400"
DFW,GHCND:USW00003927,2024-01-27,WSF2,103,",,W,"
DFW,GHCND:USW00003927,2024-01-27,WT01,1,",,W,"
DFW,GHCND:USW00003927,2024-01-28,AWND,26,",,W,"
DFW,GHCND:USW00003927,2024-01-28,PRCP,0,",,W,2400"
DFW,GHCND:USW00003927,2024-01-28,TMAX,178,",,W,2400"
DFW,GHCND:USW00003927,2024-01-28,TMIN,6,",,W,2400"
DFW,GHCND:USW00003927,2024-01-28,WSF2,58,",,W,"
DFW,GHCND:USW00003927,2024-01-29,AWND,34,",,W,"
DFW,GHCND:USW00003927,2024-01-29,PRCP,0,",,W,2400"
DFW,GHCND:USW00003927,2024-01-29,TMAX,233,",,W,2400"
DFW,GHCND:USW00003927,2024-01-29,TMIN,44,",,W,2400"
DFW,GHCND:USW00003927,2024-01-29,WSF2,67,",,W,"
DFW,GHCND:USW00003927,2024-01-30,AWND,22,",,W,"
DFW,GHCND:USW00003927,2024-01-30,PRCP,0,",,W,2400"
DFW,GHCND:USW00003927,2024-01-30,TMAX,250,",,W,2400"
DFW,GHCND:USW00003927,2024-01-30,TMIN,67,",,W,2400"
DFW,GHCND:USW00003927,2024-01-30,WSF2,54,",,W,"
DFW,GHCND:USW00003927,2024-01-31,AWND,22,",,W,"
DFW,GHCND:USW00003927,2024-01-31,PRCP,0,",,W,2400"
DFW,GHCND:USW00003927,2024-01-31,TMAX,244,",,W,2400"
DFW,GHCND:USW00003927,2024-01-31,TMIN,61,",,W,2400"
DFW,GHCND:USW00003927,2024-01-31,WSF2,45,",,W,"
DEN,GHCND:USW00003017,2024-01-01,AWND,31,",,W,"
DEN,GHCND:USW00003017,2024-01-01,PRCP,0,",,W,2400"
DEN,GHCND:USW00003017,2024-01-01,TMAX,128,",,W,2400"
DEN,GHCND:USW00003017,2024-01-01,TMIN,-71,",,W,2400"
DEN,GHCND:USW00003017,2024-01-01,WSF2,67,",,W,"
DEN,GHCND:USW00003017,2024-01-02,AWND,30,",,W,"
DEN,GHCND:USW00003017,2024-01-02,PRCP,0,",,W,2400"
DEN,GHCND:USW00003017,2024-01-02,TMAX,94,",,W,2400"
DEN,GHCND:USW00003017,2024-01-02,TMIN,-49,",,W,2400"
DEN,GHCND:USW00003017,2024-01-02,WSF2,58,",,W,"
DEN,GHCND:USW00003017,2024-01-03,AWND,46,",,W,"
DEN,GHCND:USW00003017,2024-01-03,PRCP,0,",,W,2400"
DEN,GHCND:USW00003017,2024-01-03,TMAX,83,",,W,2400"
DEN,GHCND:USW00003017,2024-01-03,TMIN,-88,",,W,2400"
DEN,GHCND:USW00003017,2024-01-03,WSF2,89,",,W,"
DEN,GHCND:USW00003017,2024-01-04,AWND,27,",,W,"
DEN,GHCND:USW00003017,2024-01-04,PRCP,0,",,W,2400"
DEN,GHCND:USW00003017,2024-01-04,TMAX,6,",,W,2400"
DEN,GHCND:USW00003017,2024-01-04,TMIN,-60,",,W,2400"
DEN,GHCND:USW00003017,2024-01-04,WSF2,72,",,W,"
DEN,GHCND:USW00003017,2024-01-04,WT01,1,",,W,"
DEN,GHCND:USW00003017,2024-01-05,AWND,30,",,W,"
DEN,GHCND:USW00003017,2024-01-05,PRCP,0,",,W,2400"
DEN,GHCND:USW00003017,2024-01-05,TMAX,56,",,W,2400"
DEN,GHCND:USW00003017,2024-01-05,TMIN,-55,",,W,2400"
DEN,GHCND:USW00003017,2024-01-05,WSF2,67,",,W,"
DEN,GHCND:USW00003017,2024-01-06,AWND,38,",,W,"
DEN,GHCND:USW00003017,2024-01-06,PRCP,0,",,W,2400"
DEN,GHCND:USW00003017,2024-01-06,TMAX,50,",,W,2400"
DEN,GHCND:USW00003017,2024-01-06,TMIN,-77,",,W,2400"
DEN,GHCND:USW00003017,2024-01-06,WSF2,76,",,W,"
DEN,GHCND:USW00003017,2024-01-07,AWND,35,",,W,"
DEN,GHCND:USW00003017,2024-01-07,PRCP,0,",,W,2400"
DEN,GHCND:USW00003017,2024-01-07,TMAX,17,",,W,2400"
DEN,GHCND:USW00003017,2024-01-07,TMIN,-88,",,W,2400"
DEN,GHCND:USW00003017,2024-01-07,WSF2,63,",,W,"
DEN,GHCND:USW00003017,2024-01-08,AWND,83,",,W,"
DEN,GHCND:USW00003017,2024-01-08,PRCP,5,",,W,2400"
DEN,GHCND:USW00003017,2024-01-08,TMAX,-16,",,W,2400"
DEN,GHCND:USW00003017,2024-01-08,TMIN,-143,",,W,2400"
DEN,GHCND:USW00003017,2024-01-08,WSF2,134,",,W,"
DEN,GHCND:USW00003017,2024-01-08,WT01,1,",,W,"
DEN,GHCND:USW00003017,2024-01-09,AWND,46,",,W,"
DEN,GHCND:USW00003017,2024-01-09,PRCP,0,",,W,2400"
DEN,GHCND:USW00003017,2024-01-09,TMAX,61,",,W,2400"
DEN,GHCND:USW00003017,2024-01-09,TMIN,-188,",,W,2400"
DEN,GHCND:USW00003017,2024-01-09,WSF2,98,",,W,"
DEN,GHCND:USW00003017,2024-01-10,AWND,75,",,W,"
DEN,GHCND:USW00003017,2024-01-10,PRCP,0,",,W,2400"
DEN,GHCND:USW00003017,2024-01-10,TMAX,44,",,W,2400"
DEN,GHCND:USW00003017,2024-01-10,TMIN,-66,",,W,2400"
DEN,GHCND:USW00003017,2024-01-10,WSF2,165,",,W,"
DEN,GHCND:USW00003017,2024-01-11,AWND,51,",,W,"
DEN,GHCND:USW00003017,2024-01-11,PRCP,0,"T,,W,2400"
DEN,GHCND:USW00003017,2024-01-11,TMAX,-10,",,W,2400"
DEN,GHCND:USW00003017,2024-01-11,TMIN,-182,",,W,2400"
DEN,GHCND:USW00003017,2024-01-11,WSF2,125,",,W,"
DEN,GHCND:USW00003017,2024-01-11,WT01,1,",,W,"
DEN,GHCND:USW00003017,2024-01-12,AWND,77,",,W,"
DEN,GHCND:USW00003017,2024-01-12,PRCP,0,"T,,W,2400"
DEN,GHCND:USW00003017,2024-01-12,TMAX,11,",,W,2400"
DEN,GHCND:USW00003017,2024-01-12,TMIN,-177,",,W,2400"
DEN,GHCND:USW00003017,2024-01-12,WSF2,161,",,W,"
DEN,GHCND:USW00003017,2024-01-12,WT01,1,",,W,"
DEN,GHCND:USW00003017,2024-01-13,AWND,40,",,W,"
DEN,GHCND:USW00003017,2024-01-13,PRCP,23,",,W,2400"
DEN,GHCND:USW00003017,2024-01-13,TMAX,-177,",,W,2400"
DEN,GHCND:USW00003017,2024-01-13,TMIN,-249,",,W,2400"
DEN,GHCND:USW00003017,2024-01-13,WSF2,67,",,W,"
DEN,GHCND:USW00003017,2024-01-14,AWND,21,",,W,"
DEN,GHCND:USW00003017,2024-01-14,PRCP,0,"T,,W,2400"
DEN,GHCND:USW00003017,2024-01-14,TMAX,-143,",,W,2400"
DEN,GHCND:USW00003017,2024-01-14,TMIN,-232,",,W,2400"
DEN,GHCND:USW00003017,2024-01-14,WSF2,54,",,W,"
DEN,GHCND:USW00003017,2024-01-15,AWND,42,",,W,"
DEN,GHCND:USW00003017,2024-01-15,PRCP,23,",,W,2400"
DEN,GHCND:USW00003017,2024-01-15,TMAX,-166,",,W,2400"
DEN,GHCND:USW00003017,2024-01-15,TMIN,-282,",,W,2400"
DEN,GHCND:USW00003017,2024-01-15,WSF2,98,",,W,"
DEN,GHCND:USW00003017,2024-01-16,AWND,45,",,W,"
DEN,GHCND:USW00003017,2024-01-16,PRCP,0,",,W,2400"
DEN,GHCND:USW00003017,2024-01-16,TMAX,33,",,W,2400"
DEN,GHCND:USW00003017,2024-01-16,TMIN,-282,",,W,2400"
DEN,GHCND:USW00003017,2024-01-16,WSF2,103,",,W,"
DEN,GHCND:USW00003017,2024-01-17,AWND,40,",,W,"
DEN,GHCND:USW00003017,2024-01-17,PRCP,0,",,W,2400"
DEN,GHCND:USW00003017,2024-01-17,TMAX,83,",,W,2400"
DEN,GHCND:USW00003017,2024-01-17,TMIN,-55,",,W,2400"
DEN,GHCND:USW00003017,2024-01-17,WSF2,130,",,W,"
DEN,GHCND:USW00003017,2024-01-18,AWND,58,",,W,"
DEN,GHCND:USW00003017,2024-01-18,PRCP,0,"T,,W,2400"
DEN,GHCND:USW00003017,2024-01-18,TMAX,94,",,W,2400"
DEN,GHCND:USW00003017,2024-01-18,TMIN,-121,",,W,2400"
DEN,GHCND:USW00003017,2024-01-18,WSF2,161,",,W,"
DEN,GHCND:USW00003017,2024-01-19,AWND,30,",,W,"
DEN,GHCND:USW00003017,2024-01-19,PRCP,0,"T,,W,2400"
DEN,GHCND:USW00003017,2024-01-19,TMAX,11,",,W,2400"
DEN,GHCND:USW00003017,2024-01-19,TMIN,-121,",,W,2400"
DEN,GHCND:USW00003017,2024-01-19,WSF2,58,",,W,"
DEN,GHCND:USW00003017,2024-01-20,AWND,17,",,W,"
DEN,GHCND:USW00003017,2024-01-20,PRCP,0,",,W,2400"
DEN,GHCND:USW00003017,2024-01-20,TMAX,50,",,W,2400"
DEN,GHCND:USW00003017,2024-01-20,TMIN,-88,",,W,2400"
DEN,GHCND:USW00003017,2024-01-20,WSF2,54,",,W,"
DEN,GHCND:USW00003017,2024-01-21,AWND,34,",,W,"
DEN,GHCND:USW00003017,2024-01-21,PRCP,0,",,W,2400"
DEN,GHCND:USW00003017,2024-01-21,TMAX,128,",,W,2400"
DEN,GHCND:USW00003017,2024-01-21,TMIN,-43,",,W,2400"
DEN,GHCND:USW00003017,2024-01-21,WSF2,76,",,W,"
DEN,GHCND:USW00003017,2024-01-22,AWND,30,",,W,"
DEN,GHCND:USW00003017,2024-01-22,PRCP,0,",,W,2400"
DEN,GHCND:USW00003017,2024-01-22,TMAX,128,",,W,2400"
DEN,GHCND:USW00003017,2024-01-22,TMIN,-27,",,W,2400"
DEN,GHCND:USW00003017,2024-01-22,WSF2,63,",,W,"
DEN,GHCND:USW00003017,2024-01-23,AWND,38,",,W,"
DEN,GHCND:USW00003017,2024-01-23,PRCP,0,",,W,2400"
DEN,GHCND:USW00003017,2024-01-23,TMAX,117,",,W,2400"
DEN,GHCND:USW00003017,2024-01-23,TMIN,-32,",,W,2400"
DEN,GHCND:USW00003017,2024-01-23,WSF2,72,",,W,"
DEN,GHCND:USW00003017,2024-01-24,AWND,32,",,W,"
DEN,GHCND:USW00003017,2024-01-24,PRCP,0,"T,,W,2400"
DEN,GHCND:USW00003017,2024-01-24,TMAX,111,",,W,2400"
DEN,GHCND:USW00003017,2024-01-24,TMIN,-32,",,W,2400"
DEN,GHCND:USW00003017,2024-01-24,WSF2,54,",,W,"
DEN,GHCND:USW00003017,2024-01-25,AWND,31,",,W,"
DEN,GHCND:USW00003017,2024-01-25,PRCP,10,",,W,2400"
DEN,GHCND:USW00003017,2024-01-25,TMAX,106,",,W,2400"
DEN,GHCND:USW00003017,2024-01-25,TMIN,-43,",,W,2400"
DEN,GHCND:USW00003017,2024-01-25,WSF2,94,",,W,"
DEN,GHCND:USW00003017,2024-01-25,WT01,1,",,W,"
DEN,GHCND:USW00003017,2024-01-25,WT03,1,",,W,"
DEN,GHCND:USW00003017,2024-01-26,AWND,27,",,W,"
DEN,GHCND:USW00003017,2024-01-26,PRCP,10,",,W,2400"
DEN,GHCND:USW00003017,2024-01-26,TMAX,61,",,W,2400"
DEN,GHCND:USW00003017,2024-01-26,TMIN,-5,",,W,2400"
DEN,GHCND:USW00003017,2024-01-26,WSF2,58,",,W,"
DEN,GHCND:USW00003017,2024-01-26,WT01,1,",,W,"
DEN,GHCND:USW00003017,2024-01-27,AWND,43,",,W,"
DEN,GHCND:USW00003017,2024-01-27,PRCP,0,",,W,2400"
DEN,GHCND:USW00003017,2024-01-27,TMAX,94,",,W,2400"
DEN,GHCND:USW00003017,2024-01-27,TMIN,-43,",,W,2400"
DEN,GHCND:USW00003017,2024-01-27,WSF2,67,",,W,"
DEN,GHCND:USW00003017,2024-01-28,AWND,42,",,W,"
DEN,GHCND:USW00003017,2024-01-28,PRCP,0,",,W,2400"
DEN,GHCND:USW00003017,2024-01-28,TMAX,156,",,W,2400"
DEN,GHCND:USW00003017,2024-01-28,TMIN,-16,",,W,2400"
DEN,GHCND:USW00003017,2024-01-28,WSF2,67,",,W,"
DEN,GHCND:USW00003017,2024-01-29,AWND,35,",,W,"
DEN,GHCND:USW00003017,2024-01-29,PRCP,0,",,W,2400"
DEN,GHCND:USW00003017,2024-01-29,TMAX,156,",,W,2400"
DEN,GHCND:USW00003017,2024-01-29,TMIN,-5,",,W,2400"
DEN,GHCND:USW00003017,2024-01-29,WSF2,63,",,W,"
DEN,GHCND:USW00003017,2024-01-30,AWND,32,",,W,"
DEN,GHCND:USW00003017,2024-01-30,PRCP,0,",,W,2400"
DEN,GHCND:USW00003017,2024-01-30,TMAX,161,",,W,2400"
DEN,GHCND:USW00003017,2024-01-30,TMIN,-21,",,W,2400"
DEN,GHCND:USW00003017,2024-01-30,WSF2,63,",,W,"
DEN,GHCND:USW00003017,2024-01-31,AWND,27,",,W,"
DEN,GHCND:USW00003017,2024-01-31,PRCP,0,",,W,2400"
DEN,GHCND:USW00003017,2024-01-31,TMAX,161,",,W,2400"
DEN,GHCND:USW00003017,2024-01-31,TMIN,-32,",,W,2400"
DEN,GHCND:USW00003017,2024-01-31,WSF2,58,",,W,"
LAX,GHCND:USW00023174,2024-01-01,AWND,24,",,W,"
LAX,GHCND:USW00023174,2024-01-01,PRCP,0,",,W,2400"
LAX,GHCND:USW00023174,2024-01-01,TMAX,194,",,W,2400"
LAX,GHCND:USW00023174,2024-01-01,TMIN,100,",,W,2400"
LAX,GHCND:USW00023174,2024-01-01,WSF2,63,",,W,"
LAX,GHCND:USW00023174,2024-01-01,WT01,1,",,W,"
LAX,GHCND:USW00023174,2024-01-02,AWND,29,",,W,"
LAX,GHCND:USW00023174,2024-01-02,PRCP,0,",,W,2400"
LAX,GHCND:USW00023174,2024-01-02,TMAX,183,",,W,2400"
LAX,GHCND:USW00023174,2024-01-02,TMIN,83,",,W,2400"
LAX,GHCND:USW00023174,2024-01-02,WSF2,58,",,W,"
LAX,GHCND:USW00023174,2024-01-03,AWND,48,",,W,"
LAX,GHCND:USW00023174,2024-01-03,PRCP,51,",,W,2400"
LAX,GHCND:USW00023174,2024-01-03,TMAX,161,",,W,2400"
LAX,GHCND:USW00023174,2024-01-03,TMIN,111,",,W,2400"
LAX,GHCND:USW00023174,2024-01-03,WSF2,125,",,W,"
LAX,GHCND:USW00023174,2024-01-03,WT01,1,",,W,"
LAX,GHCND:USW00023174,2024-01-04,AWND,42,",,W,"
LAX,GHCND:USW00023174,2024-01-04,PRCP,0,",,W,2400"
LAX,GHCND:USW00023174,2024-01-04,TMAX,183,",,W,2400"
LAX,GHCND:USW00023174,2024-01-04,TMIN,111,",,W,2400"
LAX,GHCND:USW00023174,2024-01-04,WSF2,94,",,W,"
LAX,GHCND:USW00023174,2024-01-05,AWND,26,",,W,"
LAX,GHCND:USW00023174,2024-01-05,PRCP,0,",,W,2400"
LAX,GHCND:USW00023174,2024-01-05,TMAX,183,",,W,2400"
LAX,GHCND:USW00023174,2024-01-05,TMIN,78,",,W,2400"
LAX,GHCND:USW00023174,2024-01-05,WSF2,63,",,W,"
LAX,GHCND:USW00023174,2024-01-06,AWND,37,",,W,"
LAX,GHCND:USW00023174,2024-01-06,PRCP,0,"T,,W,2400"
LAX,GHCND:USW00023174,2024-01-06,TMAX,167,",,W,2400"
LAX,GHCND:USW00023174,2024-01-06,TMIN,67,",,W,2400"
LAX,GHCND:USW00023174,2024-01-06,WSF2,130,",,W,"
LAX,GHCND:USW00023174,2024-01-07,AWND,71,",,W,"
LAX,GHCND:USW00023174,2024-01-07,PRCP,0,"T,,W,2400"
LAX,GHCND:USW00023174,2024-01-07,TMAX,150,",,W,2400"
LAX,GHCND:USW00023174,2024-01-07,TMIN,94,",,W,2400"
LAX,GHCND:USW00023174,2024-01-07,WSF2,143,",,W,"
LAX,GHCND:USW00023174,2024-01-07,WT01,1,",,W,"
LAX,GHCND:USW00023174,2024-01-08,AWND,30,",,W,"
LAX,GHCND:USW00023174,2024-01-08,PRCP,0,",,W,2400"
LAX,GHCND:USW00023174,2024-01-08,TMAX,150,",,W,2400"
LAX,GHCND:USW00023174,2024-01-08,TMIN,72,",,W,2400"
LAX,GHCND:USW00023174,2024-01-08,WSF2,89,",,W,"
LAX,GHCND:USW00023174,2024-01-09,AWND,23,",,W,"
LAX,GHCND:USW00023174,2024-01-09,PRCP,0,",,W,2400"
LAX,GHCND:USW00023174,2024-01-09,TMAX,167,",,W,2400"
LAX,GHCND:USW00023174,2024-01-09,TMIN,56,",,W,2400"
LAX,GHCND:USW00023174,2024-01-09,WSF2,58,",,W,"
LAX,GHCND:USW00023174,2024-01-10,AWND,29,",,W,"
LAX,GHCND:USW00023174,2024-01-10,PRCP,0,",,W,2400"
LAX,GHCND:USW00023174,2024-01-10,TMAX,161,",,W,2400"
LAX,GHCND:USW00023174,2024-01-10,TMIN,61,",,W,2400"
LAX,GHCND:USW00023174,2024-01-10,WSF2,81,",,W,"
LAX,GHCND:USW00023174,2024-01-11,AWND,51,",,W,"
LAX,GHCND:USW00023174,2024-01-11,PRCP,0,",,W,2400"
LAX,GHCND:USW00023174,2024-01-11,TMAX,178,",,W,2400"
LAX,GHCND:USW00023174,2024-01-11,TMIN,106,",,W,2400"
LAX,GHCND:USW00023174,2024-01-11,WSF2,165,",,W,"
LAX,GHCND:USW00023174,2024-01-12,AWND,30,",,W,"
LAX,GHCND:USW00023174,2024-01-12,PRCP,0,",,W,2400"
LAX,GHCND:USW00023174,2024-01-12,TMAX,156,",,W,2400"
LAX,GHCND:USW00023174,2024-01-12,TMIN,50,",,W,2400"
LAX,GHCND:USW00023174,2024-01-12,WSF2,63,",,W,"
LAX,GHCND:USW00023174,2024-01-13,AWND,20,",,W,"
LAX,GHCND:USW00023174,2024-01-13,PRCP,0,",,W,2400"
LAX,GHCND:USW00023174,2024-01-13,TMAX,156,",,W,2400"
LAX,GHCND:USW00023174,2024-01-13,TMIN,67,",,W,2400"
LAX,GHCND:USW00023174,2024-01-13,WSF2,63,",,W,"
LAX,GHCND:USW00023174,2024-01-14,AWND,24,",,W,"
LAX,GHCND:USW00023174,2024-01-14,PRCP,0,",,W,2400"
LAX,GHCND:USW00023174,2024-01-14,TMAX,156,",,W,2400"
LAX,GHCND:USW00023174,2024-01-14,TMIN,67,",,W,2400"
LAX,GHCND:USW00023174,2024-01-14,WSF2,58,",,W,"
LAX,GHCND:USW00023174,2024-01-15,AWND,21,",,W,"
LAX,GHCND:USW00023174,2024-01-15,PRCP,0,",,W,2400"
LAX,GHCND:USW00023174,2024-01-15,TMAX,161,",,W,2400"
LAX,GHCND:USW00023174,2024-01-15,TMIN,78,",,W,2400"
LAX,GHCND:USW00023174,2024-01-15,WSF2,67,",,W,"
LAX,GHCND:USW00023174,2024-01-15,WT01,1,",,W,"
LAX,GHCND:USW00023174,2024-01-16,AWND,23,",,W,"
LAX,GHCND:USW00023174,2024-01-16,PRCP,0,",,W,2400"
LAX,GHCND:USW00023174,2024-01-16,TMAX,167,",,W,2400"
LAX,GHCND:USW00023174,2024-01-16,TMIN,89,",,W,2400"
LAX,GHCND:USW00023174,2024-01-16,WSF2,89,",,W,"
LAX,GHCND:USW00023174,2024-01-16,WT01,1,",,W,"
LAX,GHCND:USW00023174,2024-01-17,AWND,18,",,W,"
LAX,GHCND:USW00023174,2024-01-17,PRCP,0,",,W,2400"
LAX,GHCND:USW00023174,2024-01-17,TMAX,150,",,W,2400"
LAX,GHCND:USW00023174,2024-01-17,TMIN,128,",,W,2400"
LAX,GHCND:USW00023174,2024-01-17,WSF2,40,",,W,"
LAX,GHCND:USW00023174,2024-01-17,WT01,1,",,W,"
LAX,GHCND:USW00023174,2024-01-18,AWND,24,",,W,"
LAX,GHCND:USW00023174,2024-01-18,PRCP,0,",,W,2400"
LAX,GHCND:USW00023174,2024-01-18,TMAX,189,",,W,2400"
LAX,GHCND:USW00023174,2024-01-18,TMIN,117,",,W,2400"
LAX,GHCND:USW00023174,2024-01-18,WSF2,63,",,W,"
LAX,GHCND:USW00023174,2024-01-18,WT01,1,",,W,"
LAX,GHCND:USW00023174,2024-01-19,AWND,25,",,W,"
LAX,GHCND:USW00023174,2024-01-19,PRCP,0,",,W,2400"
LAX,GHCND:USW00023174,2024-01-19,TMAX,194,",,W,2400"
LAX,GHCND:USW00023174,2024-01-19,TMIN,106,",,W,2400"
LAX,GHCND:USW00023174,2024-01-19,WSF2,63,",,W,"
LAX,GHCND:USW00023174,2024-01-19,WT01,1,",,W,"
LAX,GHCND:USW00023174,2024-01-20,AWND,36,",,W,"
LAX,GHCND:USW00023174,2024-01-20,PRCP,130,",,W,2400"
LAX,GHCND:USW00023174,2024-01-20,TMAX,150,",,W,2400"
LAX,GHCND:USW00023174,2024-01-20,TMIN,128,",,W,2400"
LAX,GHCND:USW00023174,2024-01-20,WSF2,72,",,W,"
LAX,GHCND:USW00023174,2024-01-20,WT01,1,",,W,"
LAX,GHCND:USW00023174,2024-01-21,AWND,28,",,W,"
LAX,GHCND:USW00023174,2024-01-21,PRCP,10,",,W,2400"
LAX,GHCND:USW00023174,2024-01-21,TMAX,178,",,W,2400"
LAX,GHCND:USW00023174,2024-01-21,TMIN,128,",,W,2400"
LAX,GHCND:USW00023174,2024-01-21,WSF2,58,",,W,"
LAX,GHCND:USW00023174,2024-01-21,WT01,1,",,W,"
LAX,GHCND:USW00023174,2024-01-22,AWND,39,",,W,"
LAX,GHCND:USW00023174,2024-01-22,PRCP,292,",,W,2400"
LAX,GHCND:USW00023174,2024-01-22,TMAX,150,",,W,2400"
LAX,GHCND:USW00023174,2024-01-22,TMIN,128,",,W,2400"
LAX,GHCND:USW00023174,2024-01-22,WSF2,98,",,W,"
LAX,GHCND:USW00023174,2024-01-22,WT01,1,",,W,"
LAX,GHCND:USW00023174,2024-01-23,AWND,30,",,W,"
LAX,GHCND:USW00023174,2024-01-23,PRCP,0,",,W,2400"
LAX,GHCND:USW00023174,2024-01-23,TMAX,178,",,W,2400"
LAX,GHCND:USW00023174,2024-01-23,TMIN,106,",,W,2400"
LAX,GHCND:USW00023174,2024-01-23,WSF2,76,",,W,"
LAX,GHCND:USW00023174,2024-01-23,WT01,1,",,W,"
LAX,GHCND:USW00023174,2024-01-24,AWND,26,",,W,"
LAX,GHCND:USW00023174,2024-01-24,PRCP,0,",,W,2400"
LAX,GHCND:USW00023174,2024-01-24,TMAX,167,",,W,2400"
LAX,GHCND:USW00023174,2024-01-24,TMIN,122,",,W,2400"
LAX,GHCND:USW00023174,2024-01-24,WSF2,58,",,W,"
LAX,GHCND:USW00023174,2024-01-25,AWND,29,",,W,"
LAX,GHCND:USW00023174,2024-01-25,PRCP,13,",,W,2400"
LAX,GHCND:USW00023174,2024-01-25,TMAX,161,",,W,2400"
LAX,GHCND:USW00023174,2024-01-25,TMIN,117,",,W,2400"
LAX,GHCND:USW00023174,2024-01-25,WSF2,76,",,W,"
LAX,GHCND:USW00023174,2024-01-25,WT01,1,",,W,"
LAX,GHCND:USW00023174,2024-01-26,AWND,18,",,W,"
LAX,GHCND:USW00023174,2024-01-26,PRCP,0,",,W,2400"
LAX,GHCND:USW00023174,2024-01-26,TMAX,211,",,W,2400"
LAX,GHCND:USW00023174,2024-01-26,TMIN,100,",,W,2400"
LAX,GHCND:USW00023174,2024-01-26,WSF2,54,",,W,"
LAX,GHCND:USW00023174,2024-01-27,AWND,20,",,W,"
LAX,GHCND:USW00023174,2024-01-27,PRCP,0,",,W,2400"
LAX,GHCND:USW00023174,2024-01-27,TMAX,244,",,W,2400"
LAX,GHCND:USW00023174,2024-01-27,TMIN,117,",,W,2400"
LAX,GHCND:USW00023174,2024-01-27,WSF2,58,",,W,"
LAX,GHCND:USW00023174,2024-01-28,AWND,21,",,W,"
LAX,GHCND:USW00023174,2024-01-28,PRCP,0,",,W,2400"
LAX,GHCND:USW00023174,2024-01-28,TMAX,256,",,W,2400"
LAX,GHCND:USW00023174,2024-01-28,TMIN,106,",,W,2400"
LAX,GHCND:USW00023174,2024-01-28,WSF2,63,",,W,"
LAX,GHCND:USW00023174,2024-01-29,AWND,26,",,W,"
LAX,GHCND:USW00023174,2024-01-29,PRCP,0,",,W,2400"
LAX,GHCND:USW00023174,2024-01-29,TMAX,256,",,W,2400"
LAX,GHCND:USW00023174,2024-01-29,TMIN,122,",,W,2400"
LAX,GHCND:USW00023174,2024-01-29,WSF2,67,",,W,"
LAX,GHCND:USW00023174,2024-01-30,AWND,29,",,W,"
LAX,GHCND:USW00023174,2024-01-30,PRCP,0,",,W,2400"
LAX,GHCND:USW00023174,2024-01-30,TMAX,222,",,W,2400"
LAX,GHCND:USW00023174,2024-01-30,TMIN,111,",,W,2400"
LAX,GHCND:USW00023174,2024-01-30,WSF2,63,",,W,"
LAX,GHCND:USW00023174,2024-01-31,AWND,27,",,W,"
LAX,GHCND:USW00023174,2024-01-31,PRCP,0,",,W,2400"
LAX,GHCND:USW00023174,2024-01-31,TMAX,178,",,W,2400"
LAX,GHCND:USW00023174,2024-01-31,TMIN,111,",,W,2400"
LAX,GHCND:USW00023174,2024-01-31,WSF2,72,",,W,"
LAX,GHCND:USW00023174,2024-01-31,WT01,1,",,W,"
JFK,GHCND:USW00094789,2024-01-01,AWND,30,",,W,"
JFK,GHCND:USW00094789,2024-01-01,PRCP,0,"T,,W,2400"
JFK,GHCND:USW00094789,2024-01-01,TMAX,83,",,W,2400"
JFK,GHCND:USW00094789,2024-01-01,TMIN,17,",,W,2400"
JFK,GHCND:USW00094789,2024-01-01,WSF2,67,",,W,"
JFK,GHCND:USW00094789,2024-01-02,AWND,44,",,W,"
JFK,GHCND:USW00094789,2024-01-02,PRCP,0,",,W,2400"
JFK,GHCND:USW00094789,2024-01-02,TMAX,56,",,W,2400"
JFK,GHCND:USW00094789,2024-01-02,TMIN,-21,",,W,2400"
JFK,GHCND:USW00094789,2024-01-02,WSF2,81,",,W,"
JFK,GHCND:USW00094789,2024-01-03,AWND,38,",,W,"
JFK,GHCND:USW00094789,2024-01-03,PRCP,0,",,W,2400"
JFK,GHCND:USW00094789,2024-01-03,TMAX,72,",,W,2400"
JFK,GHCND:USW00094789,2024-01-03,TMIN,6,",,W,2400"
JFK,GHCND:USW00094789,2024-01-03,WSF2,63,",,W,"
JFK,GHCND:USW00094789,2024-01-04,AWND,64,",,W,"
JFK,GHCND:USW00094789,2024-01-04,PRCP,0,",,W,2400"
JFK,GHCND:USW00094789,2024-01-04,TMAX,78,",,W,2400"
JFK,GHCND:USW00094789,2024-01-04,TMIN,-21,",,W,2400"
JFK,GHCND:USW00094789,2024-01-04,WSF2,130,",,W,"
JFK,GHCND:USW00094789,2024-01-05,AWND,59,",,W,"
JFK,GHCND:USW00094789,2024-01-05,PRCP,0,",,W,2400"
JFK,GHCND:USW00094789,2024-01-05,TMAX,33,",,W,2400"
JFK,GHCND:USW00094789,2024-01-05,TMIN,-32,",,W,2400"
JFK,GHCND:USW00094789,2024-01-05,WSF2,103,",,W,"
JFK,GHCND:USW00094789,2024-01-06,AWND,50,",,W,"
JFK,GHCND:USW00094789,2024-01-06,PRCP,137,",,W,2400"
JFK,GHCND:USW00094789,2024-01-06,TMAX,39,",,W,2400"
JFK,GHCND:USW00094789,2024-01-06,TMIN,-27,",,W,2400"
JFK,GHCND:USW00094789,2024-01-06,WSF2,130,",,W,"
JFK,GHCND:USW00094789,2024-01-06,WT01,1,",,W,"
JFK,GHCND:USW00094789,2024-01-07,AWND,70,",,W,"
JFK,GHCND:USW00094789,2024-01-07,PRCP,71,",,W,2400"
JFK,GHCND:USW00094789,2024-01-07,TMAX,39,",,W,2400"
JFK,GHCND:USW00094789,2024-01-07,TMIN,17,",,W,2400"
JFK,GHCND:USW00094789,2024-01-07,WSF2,103,",,W,"
JFK,GHCND:USW00094789,2024-01-07,WT01,1,",,W,"
JFK,GHCND:USW00094789,2024-01-08,AWND,55,",,W,"
JFK,GHCND:USW00094789,2024-01-08,PRCP,0,",,W,2400"
JFK,GHCND:USW00094789,2024-01-08,TMAX,72,",,W,2400"
JFK,GHCND:USW00094789,2024-01-08,TMIN,0,",,W,2400"
JFK,GHCND:USW00094789,2024-01-08,WSF2,148,",,W,"
JFK,GHCND:USW00094789,2024-01-09,AWND,74,",,W,"
JFK,GHCND:USW00094789,2024-01-09,PRCP,404,",,W,2400"
JFK,GHCND:USW00094789,2024-01-09,TMAX,122,",,W,2400"
JFK,GHCND:USW00094789,2024-01-09,TMIN,-21,",,W,2400"
JFK,GHCND:USW00094789,2024-01-09,WSF2,179,",,W,"
JFK,GHCND:USW00094789,2024-01-09,WT01,1,",,W,"
JFK,GHCND:USW00094789,2024-01-10,AWND,101,",,W,"
JFK,GHCND:USW00094789,2024-01-10,PRCP,71,",,W,2400"
JFK,GHCND:USW00094789,2024-01-10,TMAX,122,",,W,2400"
JFK,GHCND:USW00094789,2024-01-10,TMIN,61,",,W,2400"
JFK,GHCND:USW00094789,2024-01-10,WSF2,161,",,W,"
JFK,GHCND:USW00094789,2024-01-10,WT01,1,",,W,"
JFK,GHCND:USW00094789,2024-01-11,AWND,66,",,W,"
JFK,GHCND:USW00094789,2024-01-11,PRCP,0,",,W,2400"
JFK,GHCND:USW00094789,2024-01-11,TMAX,78,",,W,2400"
JFK,GHCND:USW00094789,2024-01-11,TMIN,39,",,W,2400"
JFK,GHCND:USW00094789,2024-01-11,WSF2,125,",,W,"
JFK,GHCND:USW00094789,2024-01-12,AWND,51,",,W,"
JFK,GHCND:USW00094789,2024-01-12,PRCP,15,",,W,2400"
JFK,GHCND:USW00094789,2024-01-12,TMAX,89,",,W,2400"
JFK,GHCND:USW00094789,2024-01-12,TMIN,11,",,W,2400"
JFK,GHCND:USW00094789,2024-01-12,WSF2,139,",,W,"
JFK,GHCND:USW00094789,2024-01-12,WT01,1,",,W,"
JFK,GHCND:USW00094789,2024-01-13,AWND,102,",,W,"
JFK,GHCND:USW00094789,2024-01-13,PRCP,287,",,W,2400"
JFK,GHCND:USW00094789,2024-01-13,TMAX,133,",,W,2400"
JFK,GHCND:USW00094789,2024-01-13,TMIN,17,",,W,2400"
JFK,GHCND:USW00094789,2024-01-13,WSF2,170,",,W,"
JFK,GHCND:USW00094789,2024-01-13,WT01,1,",,W,"
JFK,GHCND:USW00094789,2024-01-14,AWND,96,",,W,"
JFK,GHCND:USW00094789,2024-01-14,PRCP,0,"T,,W,2400"
JFK,GHCND:USW00094789,2024-01-14,TMAX,67,",,W,2400"
JFK,GHCND:USW00094789,2024-01-14,TMIN,-32,",,W,2400"
JFK,GHCND:USW00094789,2024-01-14,WSF2,165,",,W,"
JFK,GHCND:USW00094789,2024-01-15,AWND,42,",,W,"
JFK,GHCND:USW00094789,2024-01-15,PRCP,15,",,W,2400"
JFK,GHCND:USW00094789,2024-01-15,TMAX,-16,",,W,2400"
JFK,GHCND:USW00094789,2024-01-15,TMIN,-49,",,W,2400"
JFK,GHCND:USW00094789,2024-01-15,WSF2,76,",,W,"
JFK,GHCND:USW00094789,2024-01-15,WT01,1,",,W,"
JFK,GHCND:USW00094789,2024-01-16,AWND,64,",,W,"
JFK,GHCND:USW00094789,2024-01-16,PRCP,91,",,W,2400"
JFK,GHCND:USW00094789,2024-01-16,TMAX,0,",,W,2400"
JFK,GHCND:USW00094789,2024-01-16,TMIN,-55,",,W,2400"
JFK,GHCND:USW00094789,2024-01-16,WSF2,134,",,W,"
JFK,GHCND:USW00094789,2024-01-16,WT01,1,",,W,"
JFK,GHCND:USW00094789,2024-01-17,AWND,81,",,W,"
JFK,GHCND:USW00094789,2024-01-17,PRCP,0,",,W,2400"
JFK,GHCND:USW00094789,2024-01-17,TMAX,-43,",,W,2400"
JFK,GHCND:USW00094789,2024-01-17,TMIN,-77,",,W,2400"
JFK,GHCND:USW00094789,2024-01-17,WSF2,125,",,W,"
JFK,GHCND:USW00094789,2024-01-18,AWND,51,",,W,"
JFK,GHCND:USW00094789,2024-01-18,PRCP,0,",,W,2400"
JFK,GHCND:USW00094789,2024-01-18,TMAX,6,",,W,2400"
JFK,GHCND:USW00094789,2024-01-18,TMIN,-55,",,W,2400"
JFK,GHCND:USW00094789,2024-01-18,WSF2,94,",,W,"
JFK,GHCND:USW00094789,2024-01-19,AWND,49,",,W,"
JFK,GHCND:USW00094789,2024-01-19,PRCP,3,",,W,2400"
JFK,GHCND:USW00094789,2024-01-19,TMAX,6,",,W,2400"
JFK,GHCND:USW00094789,2024-01-19,TMIN,-38,",,W,2400"
JFK,GHCND:USW00094789,2024-01-19,WSF2,94,",,W,"
JFK,GHCND:USW00094789,2024-01-19,WT01,1,",,W,"
JFK,GHCND:USW00094789,2024-01-20,AWND,93,",,W,"
JFK,GHCND:USW00094789,2024-01-20,PRCP,0,"T,,W,2400"
JFK,GHCND:USW00094789,2024-01-20,TMAX,-32,",,W,2400"
JFK,GHCND:USW00094789,2024-01-20,TMIN,-77,",,W,2400"
JFK,GHCND:USW00094789,2024-01-20,WSF2,134,",,W,"
JFK,GHCND:USW00094789,2024-01-21,AWND,80,",,W,"
JFK,GHCND:USW00094789,2024-01-21,PRCP,0,",,W,2400"
JFK,GHCND:USW00094789,2024-01-21,TMAX,0,",,W,2400"
JFK,GHCND:USW00094789,2024-01-21,TMIN,-71,",,W,2400"
JFK,GHCND:USW00094789,2024-01-21,WSF2,130,",,W,"
JFK,GHCND:USW00094789,2024-01-22,AWND,56,",,W,"
JFK,GHCND:USW00094789,2024-01-22,PRCP,0,",,W,2400"
JFK,GHCND:USW00094789,2024-01-22,TMAX,22,",,W,2400"
JFK,GHCND:USW00094789,2024-01-22,TMIN,-55,",,W,2400"
JFK,GHCND:USW00094789,2024-01-22,WSF2,98,",,W,"
JFK,GHCND:USW00094789,2024-01-23,AWND,34,",,W,"
JFK,GHCND:USW00094789,2024-01-23,PRCP,3,",,W,2400"
JFK,GHCND:USW00094789,2024-01-23,TMAX,44,",,W,2400"
JFK,GHCND:USW00094789,2024-01-23,TMIN,0,",,W,2400"
JFK,GHCND:USW00094789,2024-01-23,WSF2,81,",,W,"
JFK,GHCND:USW00094789,2024-01-24,AWND,24,",,W,"
JFK,GHCND:USW00094789,2024-01-24,PRCP,23,",,W,2400"
JFK,GHCND:USW00094789,2024-01-24,TMAX,72,",,W,2400"
JFK,GHCND:USW00094789,2024-01-24,TMIN,22,",,W,2400"
JFK,GHCND:USW00094789,2024-01-24,WSF2,45,",,W,"
JFK,GHCND:USW00094789,2024-01-24,WT01,1,",,W,"
JFK,GHCND:USW00094789,2024-01-25,AWND,27,",,W,"
JFK,GHCND:USW00094789,2024-01-25,PRCP,69,",,W,2400"
JFK,GHCND:USW00094789,2024-01-25,TMAX,128,",,W,2400"
JFK,GHCND:USW00094789,2024-01-25,TMIN,61,",,W,2400"
JFK,GHCND:USW00094789,2024-01-25,WSF2,103,",,W,"
JFK,GHCND:USW00094789,2024-01-25,WT01,1,",,W,"
JFK,GHCND:USW00094789,2024-01-26,AWND,36,",,W,"
JFK,GHCND:USW00094789,2024-01-26,PRCP,53,",,W,2400"
JFK,GHCND:USW00094789,2024-01-26,TMAX,78,",,W,2400"
JFK,GHCND:USW00094789,2024-01-26,TMIN,50,",,W,2400"
JFK,GHCND:USW00094789,2024-01-26,WSF2,94,",,W,"
JFK,GHCND:USW00094789,2024-01-26,WT01,1,",,W,"
JFK,GHCND:USW00094789,2024-01-27,AWND,24,",,W,"
JFK,GHCND:USW00094789,2024-01-27,PRCP,0,",,W,2400"
JFK,GHCND:USW00094789,2024-01-27,TMAX,89,",,W,2400"
JFK,GHCND:USW00094789,2024-01-27,TMIN,50,",,W,2400"
JFK,GHCND:USW00094789,2024-01-27,WSF2,54,",,W,"
JFK,GHCND:USW00094789,2024-01-27,WT01,1,",,W,"
JFK,GHCND:USW00094789,2024-01-28,AWND,61,",,W,"
JFK,GHCND:USW00094789,2024-01-28,PRCP,234,",,W,2400"
JFK,GHCND:USW00094789,2024-01-28,TMAX,50,",,W,2400"
JFK,GHCND:USW00094789,2024-01-28,TMIN,28,",,W,2400"
JFK,GHCND:USW00094789,2024-01-28,WSF2,107,",,W,"
JFK,GHCND:USW00094789,2024-01-28,WT01,1,",,W,"
JFK,GHCND:USW00094789,2024-01-29,AWND,71,",,W,"
JFK,GHCND:USW00094789,2024-01-29,PRCP,8,",,W,2400"
JFK,GHCND:USW00094789,2024-01-29,TMAX,44,",,W,2400"
JFK,GHCND:USW00094789,2024-01-29,TMIN,17,",,W,2400"
JFK,GHCND:USW00094789,2024-01-29,WSF2,112,",,W,"
JFK,GHCND:USW00094789,2024-01-29,WT01,1,",,W,"
JFK,GHCND:USW00094789,2024-01-30,AWND,35,",,W,"
JFK,GHCND:USW00094789,2024-01-30,PRCP,0,"T,,W,2400"
JFK,GHCND:USW00094789,2024-01-30,TMAX,33,",,W,2400"
JFK,GHCND:USW00094789,2024-01-30,TMIN,11,",,W,2400"
JFK,GHCND:USW00094789,2024-01-30,WSF2,81,",,W,"
JFK,GHCND:USW00094789,2024-01-31,AWND,32,",,W,"
JFK,GHCND:USW00094789,2024-01-31,PRCP,0,"T,,W,2400"
JFK,GHCND:USW00094789,2024-01-31,TMAX,39,",,W,2400"
JFK,GHCND:USW00094789,2024-01-31,TMIN,11,",,W,2400"
JFK,GHCND:USW00094789,2024-01-31,WSF2,58,",,W,"
JFK,GHCND:USW00094789,2024-01-31,WT01,1,",,W,"
SFO,GHCND:USW00023234,2024-01-01,AWND,17,",,W,"
SFO,GHCND:USW00023234,2024-01-01,PRCP,0,",,W,2400"
SFO,GHCND:USW00023234,2024-01-01,TMAX,156,",,W,2400"
SFO,GHCND:USW00023234,2024-01-01,TMIN,89,",,W,2400"
SFO,GHCND:USW00023234,2024-01-01,WSF2,58,",,W,"
SFO,GHCND:USW00023234,2024-01-01,WT01,1,",,W,"
SFO,GHCND:USW00023234,2024-01-02,AWND,38,",,W,"
SFO,GHCND:USW00023234,2024-01-02,PRCP,66,",,W,2400"
SFO,GHCND:USW00023234,2024-01-02,TMAX,178,",,W,2400"
SFO,GHCND:USW00023234,2024-01-02,TMIN,83,",,W,2400"
SFO,GHCND:USW00023234,2024-01-02,WSF2,143,",,W,"
SFO,GHCND:USW00023234,2024-01-02,WT01,1,",,W,"
SFO,GHCND:USW00023234,2024-01-03,AWND,53,",,W,"
SFO,GHCND:USW00023234,2024-01-03,PRCP,46,",,W,2400"
SFO,GHCND:USW00023234,2024-01-03,TMAX,150,",,W,2400"
SFO,GHCND:USW00023234,2024-01-03,TMIN,94,",,W,2400"
SFO,GHCND:USW00023234,2024-01-03,WSF2,116,",,W,"
SFO,GHCND:USW00023234,2024-01-03,WT01,1,",,W,"
SFO,GHCND:USW00023234,2024-01-04,AWND,31,",,W,"
SFO,GHCND:USW00023234,2024-01-04,PRCP,0,",,W,2400"
SFO,GHCND:USW00023234,2024-01-04,TMAX,161,",,W,2400"
SFO,GHCND:USW00023234,2024-01-04,TMIN,83,",,W,2400"
SFO,GHCND:USW00023234,2024-01-04,WSF2,89,",,W,"
SFO,GHCND:USW00023234,2024-01-05,AWND,20,",,W,"
SFO,GHCND:USW00023234,2024-01-05,PRCP,0,"T,,W,2400"
SFO,GHCND:USW00023234,2024-01-05,TMAX,167,",,W,2400"
SFO,GHCND:USW00023234,2024-01-05,TMIN,100,",,W,2400"
SFO,GHCND:USW00023234,2024-01-05,WSF2,58,",,W,"
SFO,GHCND:USW00023234,2024-01-05,WT01,1,",,W,"
SFO,GHCND:USW00023234,2024-01-06,AWND,50,",,W,"
SFO,GHCND:USW00023234,2024-01-06,PRCP,36,",,W,2400"
SFO,GHCND:USW00023234,2024-01-06,TMAX,139,",,W,2400"
SFO,GHCND:USW00023234,2024-01-06,TMIN,72,",,W,2400"
SFO,GHCND:USW00023234,2024-01-06,WSF2,139,",,W,"
SFO,GHCND:USW00023234,2024-01-06,WT01,1,",,W,"
SFO,GHCND:USW00023234,2024-01-07,AWND,28,",,W,"
SFO,GHCND:USW00023234,2024-01-07,PRCP,0,",,W,2400"
SFO,GHCND:USW00023234,2024-01-07,TMAX,133,",,W,2400"
SFO,GHCND:USW00023234,2024-01-07,TMIN,39,",,W,2400"
SFO,GHCND:USW00023234,2024-01-07,WSF2,67,",,W,"
SFO,GHCND:USW00023234,2024-01-08,AWND,19,",,W,"
SFO,GHCND:USW00023234,2024-01-08,PRCP,0,",,W,2400"
SFO,GHCND:USW00023234,2024-01-08,TMAX,128,",,W,2400"
SFO,GHCND:USW00023234,2024-01-08,TMIN,44,",,W,2400"
SFO,GHCND:USW00023234,2024-01-08,WSF2,45,",,W,"
SFO,GHCND:USW00023234,2024-01-09,AWND,55,",,W,"
SFO,GHCND:USW00023234,2024-01-09,PRCP,18,",,W,2400"
SFO,GHCND:USW00023234,2024-01-09,TMAX,144,",,W,2400"
SFO,GHCND:USW00023234,2024-01-09,TMIN,94,",,W,2400"
SFO,GHCND:USW00023234,2024-01-09,WSF2,134,",,W,"
SFO,GHCND:USW00023234,2024-01-09,WT01,1,",,W,"
SFO,GHCND:USW00023234,2024-01-10,AWND,63,",,W,"
SFO,GHCND:USW00023234,2024-01-10,PRCP,51,",,W,2400"
SFO,GHCND:USW00023234,2024-01-10,TMAX,139,",,W,2400"
SFO,GHCND:USW00023234,2024-01-10,TMIN,67,",,W,2400"
SFO,GHCND:USW00023234,2024-01-10,WSF2,139,",,W,"
SFO,GHCND:USW00023234,2024-01-10,WT01,1,",,W,"
SFO,GHCND:USW00023234,2024-01-11,AWND,30,",,W,"
SFO,GHCND:USW00023234,2024-01-11,PRCP,0,",,W,2400"
SFO,GHCND:USW00023234,2024-01-11,TMAX,122,",,W,2400"
SFO,GHCND:USW00023234,2024-01-11,TMIN,56,",,W,2400"
SFO,GHCND:USW00023234,2024-01-11,WSF2,89,",,W,"
SFO,GHCND:USW00023234,2024-01-12,AWND,20,",,W,"
SFO,GHCND:USW00023234,2024-01-12,PRCP,0,",,W,2400"
SFO,GHCND:USW00023234,2024-01-12,TMAX,122,",,W,2400"
SFO,GHCND:USW00023234,2024-01-12,TMIN,56,",,W,2400"
SFO,GHCND:USW00023234,2024-01-12,WSF2,58,",,W,"
SFO,GHCND:USW00023234,2024-01-13,AWND,38,",,W,"
SFO,GHCND:USW00023234,2024-01-13,PRCP,150,",,W,2400"
SFO,GHCND:USW00023234,2024-01-13,TMAX,139,",,W,2400"
SFO,GHCND:USW00023234,2024-01-13,TMIN,83,",,W,2400"
SFO,GHCND:USW00023234,2024-01-13,WSF2,107,",,W,"
SFO,GHCND:USW00023234,2024-01-13,WT01,1,",,W,"
SFO,GHCND:USW00023234,2024-01-14,AWND,34,",,W,"
SFO,GHCND:USW00023234,2024-01-14,PRCP,10,",,W,2400"
SFO,GHCND:USW00023234,2024-01-14,TMAX,150,",,W,2400"
SFO,GHCND:USW00023234,2024-01-14,TMIN,100,",,W,2400"
SFO,GHCND:USW00023234,2024-01-14,WSF2,89,",,W,"
SFO,GHCND:USW00023234,2024-01-14,WT01,1,",,W,"
SFO,GHCND:USW00023234,2024-01-15,AWND,19,",,W,"
SFO,GHCND:USW00023234,2024-01-15,PRCP,0,",,W,2400"
SFO,GHCND:USW00023234,2024-01-15,TMAX,150,",,W,2400"
SFO,GHCND:USW00023234,2024-01-15,TMIN,100,",,W,2400"
SFO,GHCND:USW00023234,2024-01-15,WSF2,63,",,W,"
SFO,GHCND:USW00023234,2024-01-15,WT01,1,",,W,"
SFO,GHCND:USW00023234,2024-01-16,AWND,19,",,W,"
SFO,GHCND:USW00023234,2024-01-16,PRCP,135,",,W,2400"
SFO,GHCND:USW00023234,2024-01-16,TMAX,139,",,W,2400"
SFO,GHCND:USW00023234,2024-01-16,TMIN,89,",,W,2400"
SFO,GHCND:USW00023234,2024-01-16,WSF2,63,",,W,"
SFO,GHCND:USW00023234,2024-01-16,WT01,1,",,W,"
SFO,GHCND:USW00023234,2024-01-17,AWND,26,",,W,"
SFO,GHCND:USW00023234,2024-01-17,PRCP,0,"T,,W,2400"
SFO,GHCND:USW00023234,2024-01-17,TMAX,156,",,W,2400"
SFO,GHCND:USW00023234,2024-01-17,TMIN,94,",,W,2400"
SFO,GHCND:USW00023234,2024-01-17,WSF2,67,",,W,"
SFO,GHCND:USW00023234,2024-01-17,WT01,1,",,W,"
SFO,GHCND:USW00023234,2024-01-18,AWND,10,",,W,"
SFO,GHCND:USW00023234,2024-01-18,PRCP,0,",,W,2400"
SFO,GHCND:USW00023234,2024-01-18,TMAX,156,",,W,2400"
SFO,GHCND:USW00023234,2024-01-18,TMIN,83,",,W,2400"
SFO,GHCND:USW00023234,2024-01-18,WSF2,54,",,W,"
SFO,GHCND:USW00023234,2024-01-18,WT01,1,",,W,"
SFO,GHCND:USW00023234,2024-01-19,AWND,25,",,W,"
SFO,GHCND:USW00023234,2024-01-19,PRCP,61,",,W,2400"
SFO,GHCND:USW00023234,2024-01-19,TMAX,144,",,W,2400"
SFO,GHCND:USW00023234,2024-01-19,TMIN,100,",,W,2400"
SFO,GHCND:USW00023234,2024-01-19,WSF2,63,",,W,"
SFO,GHCND:USW00023234,2024-01-19,WT01,1,",,W,"
SFO,GHCND:USW00023234,2024-01-20,AWND,46,",,W,"
SFO,GHCND:USW00023234,2024-01-20,PRCP,43,",,W,2400"
SFO,GHCND:USW00023234,2024-01-20,TMAX,150,",,W,2400"
SFO,GHCND:USW00023234,2024-01-20,TMIN,122,",,W,2400"
SFO,GHCND:USW00023234,2024-01-20,WSF2,89,",,W,"
SFO,GHCND:USW00023234,2024-01-20,WT01,1,",,W,"
SFO,GHCND:USW00023234,2024-01-21,AWND,41,",,W,"
SFO,GHCND:USW00023234,2024-01-21,PRCP,102,",,W,2400"
SFO,GHCND:USW00023234,2024-01-21,TMAX,167,",,W,2400"
SFO,GHCND:USW00023234,2024-01-21,TMIN,117,",,W,2400"
SFO,GHCND:USW00023234,2024-01-21,WSF2,94,",,W,"
SFO,GHCND:USW00023234,2024-01-21,WT01,1,",,W,"
SFO,GHCND:USW00023234,2024-01-22,AWND,37,",,W,"
SFO,GHCND:USW00023234,2024-01-22,PRCP,147,",,W,2400"
SFO,GHCND:USW00023234,2024-01-22,TMAX,161,",,W,2400"
SFO,GHCND:USW00023234,2024-01-22,TMIN,122,",,W,2400"
SFO,GHCND:USW00023234,2024-01-22,WSF2,89,",,W,"
SFO,GHCND:USW00023234,2024-01-22,WT01,1,",,W,"
SFO,GHCND:USW00023234,2024-01-23,AWND,36,",,W,"
SFO,GHCND:USW00023234,2024-01-23,PRCP,0,",,W,2400"
SFO,GHCND:USW00023234,2024-01-23,TMAX,150,",,W,2400"
SFO,GHCND:USW00023234,2024-01-23,TMIN,117,",,W,2400"
SFO,GHCND:USW00023234,2024-01-23,WSF2,76,",,W,"
SFO,GHCND:USW00023234,2024-01-23,WT01,1,",,W,"
SFO,GHCND:USW00023234,2024-01-24,AWND,34,",,W,"
SFO,GHCND:USW00023234,2024-01-24,PRCP,127,",,W,2400"
SFO,GHCND:USW00023234,2024-01-24,TMAX,156,",,W,2400"
SFO,GHCND:USW00023234,2024-01-24,TMIN,111,",,W,2400"
SFO,GHCND:USW00023234,2024-01-24,WSF2,81,",,W,"
SFO,GHCND:USW00023234,2024-01-24,WT01,1,",,W,"
SFO,GHCND:USW00023234,2024-01-25,AWND,30,",,W,"
SFO,GHCND:USW00023234,2024-01-25,PRCP,0,",,W,2400"
SFO,GHCND:USW00023234,2024-01-25,TMAX,161,",,W,2400"
SFO,GHCND:USW00023234,2024-01-25,TMIN,94,",,W,2400"
SFO,GHCND:USW00023234,2024-01-25,WSF2,72,",,W,"
SFO,GHCND:USW00023234,2024-01-25,WT01,1,",,W,"
SFO,GHCND:USW00023234,2024-01-26,AWND,10,",,W,"
SFO,GHCND:USW00023234,2024-01-26,PRCP,0,",,W,2400"
SFO,GHCND:USW00023234,2024-01-26,TMAX,156,",,W,2400"
SFO,GHCND:USW00023234,2024-01-26,TMIN,106,",,W,2400"
SFO,GHCND:USW00023234,2024-01-26,WSF2,36,",,W,"
SFO,GHCND:USW00023234,2024-01-26,WT01,1,",,W,"
SFO,GHCND:USW00023234,2024-01-27,AWND,16,",,W,"
SFO,GHCND:USW00023234,2024-01-27,PRCP,0,",,W,2400"
SFO,GHCND:USW00023234,2024-01-27,TMAX,156,",,W,2400"
SFO,GHCND:USW00023234,2024-01-27,TMIN,106,",,W,2400"
SFO,GHCND:USW00023234,2024-01-27,WSF2,45,",,W,"
SFO,GHCND:USW00023234,2024-01-27,WT01,1,",,W,"
SFO,GHCND:USW00023234,2024-01-28,AWND,17,",,W,"
SFO,GHCND:USW00023234,2024-01-28,PRCP,0,",,W,2400"
SFO,GHCND:USW00023234,2024-01-28,TMAX,189,",,W,2400"
SFO,GHCND:USW00023234,2024-01-28,TMIN,117,",,W,2400"
SFO,GHCND:USW00023234,2024-01-28,WSF2,45,",,W,"
SFO,GHCND:USW00023234,2024-01-29,AWND,11,",,W,"
SFO,GHCND:USW00023234,2024-01-29,PRCP,0,",,W,2400"
SFO,GHCND:USW00023234,2024-01-29,TMAX,189,",,W,2400"
SFO,GHCND:USW00023234,2024-01-29,TMIN,94,",,W,2400"
SFO,GHCND:USW00023234,2024-01-29,WSF2,45,",,W,"
SFO,GHCND:USW00023234,2024-01-29,WT01,1,",,W,"
SFO,GHCND:USW00023234,2024-01-30,AWND,31,",,W,"
SFO,GHCND:USW00023234,2024-01-30,PRCP,0,"T,,W,2400"
SFO,GHCND:USW00023234,2024-01-30,TMAX,178,",,W,2400"
SFO,GHCND:USW00023234,2024-01-30,TMIN,122,",,W,2400"
SFO,GHCND:USW00023234,2024-01-30,WSF2,103,",,W,"
SFO,GHCND:USW00023234,2024-01-30,WT01,1,",,W,"
SFO,GHCND:USW00023234,2024-01-31,AWND,64,",,W,"
SFO,GHCND:USW00023234,2024-01-31,PRCP,290,",,W,2400"
SFO,GHCND:USW00023234,2024-01-31,TMAX,161,",,W,2400"
SFO,GHCND:USW00023234,2024-01-31,TMIN,117,",,W,2400"
SFO,GHCND:USW00023234,2024-01-31,WSF2,130,",,W,"
SFO,GHCND:USW00023234,2024-01-31,WT01,1,",,W,"
SEA,GHCND:USW00024233,2024-01-01,AWND,12,",,W,"
SEA,GHCND:USW00024233,2024-01-01,PRCP,0,",,W,2400"
SEA,GHCND:USW00024233,2024-01-01,TMAX,83,",,W,2400"
SEA,GHCND:USW00024233,2024-01-01,TMIN,11,",,W,2400"
SEA,GHCND:USW00024233,2024-01-01,WSF2,31,",,W,"
SEA,GHCND:USW00024233,2024-01-01,WT01,1,",,W,"
SEA,GHCND:USW00024233,2024-01-02,AWND,17,",,W,"
SEA,GHCND:USW00024233,2024-01-02,PRCP,61,",,W,2400"
SEA,GHCND:USW00024233,2024-01-02,TMAX,83,",,W,2400"
SEA,GHCND:USW00024233,2024-01-02,TMIN,33,",,W,2400"
SEA,GHCND:USW00024233,2024-01-02,WSF2,72,",,W,"
SEA,GHCND:USW00024233,2024-01-02,WT01,1,",,W,"
SEA,GHCND:USW00024233,2024-01-03,AWND,33,",,W,"
SEA,GHCND:USW00024233,2024-01-03,PRCP,25,",,W,2400"
SEA,GHCND:USW00024233,2024-01-03,TMAX,100,",,W,2400"
SEA,GHCND:USW00024233,2024-01-03,TMIN,50,",,W,2400"
SEA,GHCND:USW00024233,2024-01-03,WSF2,67,",,W,"
SEA,GHCND:USW00024233,2024-01-03,WT01,1,",,W,"
SEA,GHCND:USW00024233,2024-01-04,AWND,26,",,W,"
SEA,GHCND:USW00024233,2024-01-04,PRCP,36,",,W,2400"
SEA,GHCND:USW00024233,2024-01-04,TMAX,78,",,W,2400"
SEA,GHCND:USW00024233,2024-01-04,TMIN,50,",,W,2400"
SEA,GHCND:USW00024233,2024-01-04,WSF2,63,",,W,"
SEA,GHCND:USW00024233,2024-01-04,WT01,1,",,W,"
SEA,GHCND:USW00024233,2024-01-05,AWND,61,",,W,"
SEA,GHCND:USW00024233,2024-01-05,PRCP,58,",,W,2400"
SEA,GHCND:USW00024233,2024-01-05,TMAX,83,",,W,2400"
SEA,GHCND:USW00024233,2024-01-05,TMIN,44,",,W,2400"
SEA,GHCND:USW00024233,2024-01-05,WSF2,103,",,W,"
SEA,GHCND:USW00024233,2024-01-05,WT01,1,",,W,"
SEA,GHCND:USW00024233,2024-01-06,AWND,27,",,W,"
SEA,GHCND:USW00024233,2024-01-06,PRCP,107,",,W,2400"
SEA,GHCND:USW00024233,2024-01-06,TMAX,67,",,W,2400"
SEA,GHCND:USW00024233,2024-01-06,TMIN,22,",,W,2400"
SEA,GHCND:USW00024233,2024-01-06,WSF2,89,",,W,"
SEA,GHCND:USW00024233,2024-01-06,WT01,1,",,W,"
SEA,GHCND:USW00024233,2024-01-06,WT03,1,",,W,"
SEA,GHCND:USW00024233,2024-01-07,AWND,9,",,W,"
SEA,GHCND:USW00024233,2024-01-07,PRCP,28,",,W,2400"
SEA,GHCND:USW00024233,2024-01-07,TMAX,50,",,W,2400"
SEA,GHCND:USW00024233,2024-01-07,TMIN,22,",,W,2400"
SEA,GHCND:USW00024233,2024-01-07,WSF2,40,",,W,"
SEA,GHCND:USW00024233,2024-01-07,WT01,1,",,W,"
SEA,GHCND:USW00024233,2024-01-08,AWND,44,",,W,"
SEA,GHCND:USW00024233,2024-01-08,PRCP,188,",,W,2400"
SEA,GHCND:USW00024233,2024-01-08,TMAX,94,",,W,2400"
SEA,GHCND:USW00024233,2024-01-08,TMIN,28,",,W,2400"
SEA,GHCND:USW00024233,2024-01-08,WSF2,134,",,W,"
SEA,GHCND:USW00024233,2024-01-08,WT01,1,",,W,"
SEA,GHCND:USW00024233,2024-01-09,AWND,92,",,W,"
SEA,GHCND:USW00024233,2024-01-09,PRCP,69,",,W,2400"
SEA,GHCND:USW00024233,2024-01-09,TMAX,89,",,W,2400"
SEA,GHCND:USW00024233,2024-01-09,TMIN,28,",,W,2400"
SEA,GHCND:USW00024233,2024-01-09,WSF2,157,",,W,"
SEA,GHCND:USW00024233,2024-01-09,WT01,1,",,W,"
SEA,GHCND:USW00024233,2024-01-09,WT03,1,",,W,"
SEA,GHCND:USW00024233,2024-01-10,AWND,34,",,W,"
SEA,GHCND:USW00024233,2024-01-10,PRCP,8,",,W,2400"
SEA,GHCND:USW00024233,2024-01-10,TMAX,50,",,W,2400"
SEA,GHCND:USW00024233,2024-01-10,TMIN,17,",,W,2400"
SEA,GHCND:USW00024233,2024-01-10,WSF2,89,",,W,"
SEA,GHCND:USW00024233,2024-01-10,WT01,1,",,W,"
SEA,GHCND:USW00024233,2024-01-11,AWND,47,",,W,"
SEA,GHCND:USW00024233,2024-01-11,PRCP,0,"T,,W,2400"
SEA,GHCND:USW00024233,2024-01-11,TMAX,72,",,W,2400"
SEA,GHCND:USW00024233,2024-01-11,TMIN,-38,",,W,2400"
SEA,GHCND:USW00024233,2024-01-11,WSF2,103,",,W,"
SEA,GHCND:USW00024233,2024-01-11,WT01,1,",,W,"
SEA,GHCND:USW00024233,2024-01-12,AWND,61,",,W,"
SEA,GHCND:USW00024233,2024-01-12,PRCP,0,"T,,W,2400"
SEA,GHCND:USW00024233,2024-01-12,TMAX,-38,",,W,2400"
SEA,GHCND:USW00024233,2024-01-12,TMIN,-93,",,W,2400"
SEA,GHCND:USW00024233,2024-01-12,WSF2,98,",,W,"
SEA,GHCND:USW00024233,2024-01-13,AWND,51,",,W,"
SEA,GHCND:USW00024233,2024-01-13,PRCP,0,",,W,2400"
SEA,GHCND:USW00024233,2024-01-13,TMAX,-55,",,W,2400"
SEA,GHCND:USW00024233,2024-01-13,TMIN,-93,",,W,2400"
SEA,GHCND:USW00024233,2024-01-13,WSF2,98,",,W,"
SEA,GHCND:USW00024233,2024-01-14,AWND,27,",,W,"
SEA,GHCND:USW00024233,2024-01-14,PRCP,0,",,W,2400"
SEA,GHCND:USW00024233,2024-01-14,TMAX,-5,",,W,2400"
SEA,GHCND:USW00024233,2024-01-14,TMIN,-71,",,W,2400"
SEA,GHCND:USW00024233,2024-01-14,WSF2,54,",,W,"
SEA,GHCND:USW00024233,2024-01-15,AWND,38,",,W,"
SEA,GHCND:USW00024233,2024-01-15,PRCP,0,",,W,2400"
SEA,GHCND:USW00024233,2024-01-15,TMAX,33,",,W,2400"
SEA,GHCND:USW00024233,2024-01-15,TMIN,-60,",,W,2400"
SEA,GHCND:USW00024233,2024-01-15,WSF2,67,",,W,"
SEA,GHCND:USW00024233,2024-01-16,AWND,26,",,W,"
SEA,GHCND:USW00024233,2024-01-16,PRCP,18,",,W,2400"
SEA,GHCND:USW00024233,2024-01-16,TMAX,22,",,W,2400"
SEA,GHCND:USW00024233,2024-01-16,TMIN,-55,",,W,2400"
SEA,GHCND:USW00024233,2024-01-16,WSF2,58,",,W,"
SEA,GHCND:USW00024233,2024-01-16,WT01,1,",,W,"
SEA,GHCND:USW00024233,2024-01-17,AWND,33,",,W,"
SEA,GHCND:USW00024233,2024-01-17,PRCP,71,",,W,2400"
SEA,GHCND:USW00024233,2024-01-17,TMAX,44,",,W,2400"
SEA,GHCND:USW00024233,2024-01-17,TMIN,-10,",,W,2400"
SEA,GHCND:USW00024233,2024-01-17,WSF2,81,",,W,"
SEA,GHCND:USW00024233,2024-01-17,WT01,1,",,W,"
SEA,GHCND:USW00024233,2024-01-18,AWND,51,",,W,"
SEA,GHCND:USW00024233,2024-01-18,PRCP,97,",,W,2400"
SEA,GHCND:USW00024233,2024-01-18,TMAX,39,",,W,2400"
SEA,GHCND:USW00024233,2024-01-18,TMIN,11,",,W,2400"
SEA,GHCND:USW00024233,2024-01-18,WSF2,98,",,W,"
SEA,GHCND:USW00024233,2024-01-18,WT01,1,",,W,"
SEA,GHCND:USW00024233,2024-01-19,AWND,36,",,W,"
SEA,GHCND:USW00024233,2024-01-19,PRCP,5,",,W,2400"
SEA,GHCND:USW00024233,2024-01-19,TMAX,83,",,W,2400"
SEA,GHCND:USW00024233,2024-01-19,TMIN,28,",,W,2400"
SEA,GHCND:USW00024233,2024-01-19,WSF2,94,",,W,"
SEA,GHCND:USW00024233,2024-01-20,AWND,25,",,W,"
SEA,GHCND:USW00024233,2024-01-20,PRCP,66,",,W,2400"
SEA,GHCND:USW00024233,2024-01-20,TMAX,106,",,W,2400"
SEA,GHCND:USW00024233,2024-01-20,TMIN,17,",,W,2400"
SEA,GHCND:USW00024233,2024-01-20,WSF2,72,",,W,"
SEA,GHCND:USW00024233,2024-01-20,WT01,1,",,W,"
SEA,GHCND:USW00024233,2024-01-21,AWND,40,",,W,"
SEA,GHCND:USW00024233,2024-01-21,PRCP,117,",,W,2400"
SEA,GHCND:USW00024233,2024-01-21,TMAX,89,",,W,2400"
SEA,GHCND:USW00024233,2024-01-21,TMIN,56,",,W,2400"
SEA,GHCND:USW00024233,2024-01-21,WSF2,72,",,W,"
SEA,GHCND:USW00024233,2024-01-21,WT01,1,",,W,"
SEA,GHCND:USW00024233,2024-01-22,AWND,35,",,W,"
SEA,GHCND:USW00024233,2024-01-22,PRCP,109,",,W,2400"
SEA,GHCND:USW00024233,2024-01-22,TMAX,106,",,W,2400"
SEA,GHCND:USW00024233,2024-01-22,TMIN,67,",,W,2400"
SEA,GHCND:USW00024233,2024-01-22,WSF2,76,",,W,"
SEA,GHCND:USW00024233,2024-01-22,WT01,1,",,W,"
SEA,GHCND:USW00024233,2024-01-23,AWND,37,",,W,"
SEA,GHCND:USW00024233,2024-01-23,PRCP,3,",,W,2400"
SEA,GHCND:USW00024233,2024-01-23,TMAX,111,",,W,2400"
SEA,GHCND:USW00024233,2024-01-23,TMIN,61,",,W,2400"
SEA,GHCND:USW00024233,2024-01-23,WSF2,72,",,W,"
SEA,GHCND:USW00024233,2024-01-23,WT01,1,",,W,"
SEA,GHCND:USW00024233,2024-01-24,AWND,39,",,W,"
SEA,GHCND:USW00024233,2024-01-24,PRCP,102,",,W,2400"
SEA,GHCND:USW00024233,2024-01-24,TMAX,106,",,W,2400"
SEA,GHCND:USW00024233,2024-01-24,TMIN,61,",,W,2400"
SEA,GHCND:USW00024233,2024-01-24,WSF2,81,",,W,"
SEA,GHCND:USW00024233,2024-01-24,WT01,1,",,W,"
SEA,GHCND:USW00024233,2024-01-25,AWND,38,",,W,"
SEA,GHCND:USW00024233,2024-01-25,PRCP,43,",,W,2400"
SEA,GHCND:USW00024233,2024-01-25,TMAX,106,",,W,2400"
SEA,GHCND:USW00024233,2024-01-25,TMIN,56,",,W,2400"
SEA,GHCND:USW00024233,2024-01-25,WSF2,67,",,W,"
SEA,GHCND:USW00024233,2024-01-25,WT01,1,",,W,"
SEA,GHCND:USW00024233,2024-01-26,AWND,23,",,W,"
SEA,GHCND:USW00024233,2024-01-26,PRCP,97,",,W,2400"
SEA,GHCND:USW00024233,2024-01-26,TMAX,117,",,W,2400"
SEA,GHCND:USW00024233,2024-01-26,TMIN,67,",,W,2400"
SEA,GHCND:USW00024233,2024-01-26,WSF2,67,",,W,"
SEA,GHCND:USW00024233,2024-01-26,WT01,1,",,W,"
SEA,GHCND:USW00024233,2024-01-27,AWND,39,",,W,"
SEA,GHCND:USW00024233,2024-01-27,PRCP,183,",,W,2400"
SEA,GHCND:USW00024233,2024-01-27,TMAX,139,",,W,2400"
SEA,GHCND:USW00024233,2024-01-27,TMIN,89,",,W,2400"
SEA,GHCND:USW00024233,2024-01-27,WSF2,67,",,W,"
SEA,GHCND:USW00024233,2024-01-27,WT01,1,",,W,"
SEA,GHCND:USW00024233,2024-01-28,AWND,32,",,W,"
SEA,GHCND:USW00024233,2024-01-28,PRCP,132,",,W,2400"
SEA,GHCND:USW00024233,2024-01-28,TMAX,161,",,W,2400"
SEA,GHCND:USW00024233,2024-01-28,TMIN,106,",,W,2400"
SEA,GHCND:USW00024233,2024-01-28,WSF2,67,",,W,"
SEA,GHCND:USW00024233,2024-01-28,WT01,1,",,W,"
SEA,GHCND:USW00024233,2024-01-29,AWND,25,",,W,"
SEA,GHCND:USW00024233,2024-01-29,PRCP,0,"T,,W,2400"
SEA,GHCND:USW00024233,2024-01-29,TMAX,161,",,W,2400"
SEA,GHCND:USW00024233,2024-01-29,TMIN,106,",,W,2400"
SEA,GHCND:USW00024233,2024-01-29,WSF2,72,",,W,"
SEA,GHCND:USW00024233,2024-01-30,AWND,30,",,W,"
SEA,GHCND:USW00024233,2024-01-30,PRCP,5,",,W,2400"
SEA,GHCND:USW00024233,2024-01-30,TMAX,161,",,W,2400"
SEA,GHCND:USW00024233,2024-01-30,TMIN,106,",,W,2400"
SEA,GHCND:USW00024233,2024-01-30,WSF2,76,",,W,"
SEA,GHCND:USW00024233,2024-01-31,AWND,38,",,W,"
SEA,GHCND:USW00024233,2024-01-31,PRCP,30,",,W,2400"
SEA,GHCND:USW00024233,2024-01-31,TMAX,156,",,W,2400"
SEA,GHCND:USW00024233,2024-01-31,TMIN,100,",,W,2400"
SEA,GHCND:USW00024233,2024-01-31,WSF2,98,",,W,"
MIA,GHCND:USW00012839,2024-01-01,AWND,9,",,W,"
MIA,GHCND:USW00012839,2024-01-01,PRCP,0,",,W,2400"
MIA,GHCND:USW00012839,2024-01-01,TMAX,228,",,W,2400"
MIA,GHCND:USW00012839,2024-01-01,TMIN,111,",,W,2400"
MIA,GHCND:USW00012839,2024-01-01,WSF2,40,",,W,"
MIA,GHCND:USW00012839,2024-01-01,WT01,1,",,W,"
MIA,GHCND:USW00012839,2024-01-02,AWND,19,",,W,"
MIA,GHCND:USW00012839,2024-01-02,PRCP,0,",,W,2400"
MIA,GHCND:USW00012839,2024-01-02,TMAX,222,",,W,2400"
MIA,GHCND:USW00012839,2024-01-02,TMIN,133,",,W,2400"
MIA,GHCND:USW00012839,2024-01-02,WSF2,58,",,W,"
MIA,GHCND:USW00012839,2024-01-03,AWND,22,",,W,"
MIA,GHCND:USW00012839,2024-01-03,PRCP,0,",,W,2400"
MIA,GHCND:USW00012839,2024-01-03,TMAX,233,",,W,2400"
MIA,GHCND:USW00012839,2024-01-03,TMIN,128,",,W,2400"
MIA,GHCND:USW00012839,2024-01-03,WSF2,72,",,W,"
MIA,GHCND:USW00012839,2024-01-04,AWND,26,",,W,"
MIA,GHCND:USW00012839,2024-01-04,PRCP,0,",,W,2400"
MIA,GHCND:USW00012839,2024-01-04,TMAX,261,",,W,2400"
MIA,GHCND:USW00012839,2024-01-04,TMIN,144,",,W,2400"
MIA,GHCND:USW00012839,2024-01-04,WSF2,72,",,W,"
MIA,GHCND:USW00012839,2024-01-05,AWND,56,",,W,"
MIA,GHCND:USW00012839,2024-01-05,PRCP,0,",,W,2400"
MIA,GHCND:USW00012839,2024-01-05,TMAX,256,",,W,2400"
MIA,GHCND:USW00012839,2024-01-05,TMIN,167,",,W,2400"
MIA,GHCND:USW00012839,2024-01-05,WSF2,103,",,W,"
MIA,GHCND:USW00012839,2024-01-06,AWND,41,",,W,"
MIA,GHCND:USW00012839,2024-01-06,PRCP,20,",,W,2400"
MIA,GHCND:USW00012839,2024-01-06,TMAX,267,",,W,2400"
MIA,GHCND:USW00012839,2024-01-06,TMIN,217,",,W,2400"
MIA,GHCND:USW00012839,2024-01-06,WSF2,81,",,W,"
MIA,GHCND:USW00012839,2024-01-06,WT01,1,",,W,"
MIA,GHCND:USW00012839,2024-01-07,AWND,25,",,W,"
MIA,GHCND:USW00012839,2024-01-07,PRCP,18,",,W,2400"
MIA,GHCND:USW00012839,2024-01-07,TMAX,233,",,W,2400"
MIA,GHCND:USW00012839,2024-01-07,TMIN,167,",,W,2400"
MIA,GHCND:USW00012839,2024-01-07,WSF2,67,",,W,"
MIA,GHCND:USW00012839,2024-01-08,AWND,53,",,W,"
MIA,GHCND:USW00012839,2024-01-08,PRCP,0,",,W,2400"
MIA,GHCND:USW00012839,2024-01-08,TMAX,244,",,W,2400"
MIA,GHCND:USW00012839,2024-01-08,TMIN,156,",,W,2400"
MIA,GHCND:USW00012839,2024-01-08,WSF2,116,",,W,"
MIA,GHCND:USW00012839,2024-01-09,AWND,72,",,W,"
MIA,GHCND:USW00012839,2024-01-09,PRCP,8,",,W,2400"
MIA,GHCND:USW00012839,2024-01-09,TMAX,267,",,W,2400"
MIA,GHCND:USW00012839,2024-01-09,TMIN,222,",,W,2400"
MIA,GHCND:USW00012839,2024-01-09,WSF2,116,",,W,"
MIA,GHCND:USW00012839,2024-01-09,WT01,1,",,W,"
MIA,GHCND:USW00012839,2024-01-10,AWND,13,",,W,"
MIA,GHCND:USW00012839,2024-01-10,PRCP,28,",,W,2400"
MIA,GHCND:USW00012839,2024-01-10,TMAX,256,",,W,2400"
MIA,GHCND:USW00012839,2024-01-10,TMIN,178,",,W,2400"
MIA,GHCND:USW00012839,2024-01-10,WSF2,76,",,W,"
MIA,GHCND:USW00012839,2024-01-10,WT01,1,",,W,"
MIA,GHCND:USW00012839,2024-01-11,AWND,22,",,W,"
MIA,GHCND:USW00012839,2024-01-11,PRCP,97,",,W,2400"
MIA,GHCND:USW00012839,2024-01-11,TMAX,222,",,W,2400"
MIA,GHCND:USW00012839,2024-01-11,TMIN,172,",,W,2400"
MIA,GHCND:USW00012839,2024-01-11,WSF2,58,",,W,"
MIA,GHCND:USW00012839,2024-01-11,WT01,1,",,W,"
MIA,GHCND:USW00012839,2024-01-12,AWND,42,",,W,"
MIA,GHCND:USW00012839,2024-01-12,PRCP,5,",,W,2400"
MIA,GHCND:USW00012839,2024-01-12,TMAX,306,",,W,2400"
MIA,GHCND:USW00012839,2024-01-12,TMIN,217,",,W,2400"
MIA,GHCND:USW00012839,2024-01-12,WSF2,89,",,W,"
MIA,GHCND:USW00012839,2024-01-12,WT01,1,",,W,"
MIA,GHCND:USW00012839,2024-01-13,AWND,46,",,W,"
MIA,GHCND:USW00012839,2024-01-13,PRCP,0,"T,,W,2400"
MIA,GHCND:USW00012839,2024-01-13,TMAX,300,",,W,2400"
MIA,GHCND:USW00012839,2024-01-13,TMIN,200,",,W,2400"
MIA,GHCND:USW00012839,2024-01-13,WSF2,98,",,W,"
MIA,GHCND:USW00012839,2024-01-14,AWND,40,",,W,"
MIA,GHCND:USW00012839,2024-01-14,PRCP,25,",,W,2400"
MIA,GHCND:USW00012839,2024-01-14,TMAX,239,",,W,2400"
MIA,GHCND:USW00012839,2024-01-14,TMIN,178,",,W,2400"
MIA,GHCND:USW00012839,2024-01-14,WSF2,81,",,W,"
MIA,GHCND:USW00012839,2024-01-14,WT01,1,",,W,"
MIA,GHCND:USW00012839,2024-01-15,AWND,46,",,W,"
MIA,GHCND:USW00012839,2024-01-15,PRCP,0,",,W,2400"
MIA,GHCND:USW00012839,2024-01-15,TMAX,272,",,W,2400"
MIA,GHCND:USW00012839,2024-01-15,TMIN,217,",,W,2400"
MIA,GHCND:USW00012839,2024-01-15,WSF2,89,",,W,"
MIA,GHCND:USW00012839,2024-01-16,AWND,36,",,W,"
MIA,GHCND:USW00012839,2024-01-16,PRCP,15,",,W,2400"
MIA,GHCND:USW00012839,2024-01-16,TMAX,294,",,W,2400"
MIA,GHCND:USW00012839,2024-01-16,TMIN,222,",,W,2400"
MIA,GHCND:USW00012839,2024-01-16,WSF2,76,",,W,"
MIA,GHCND:USW00012839,2024-01-16,WT03,1,",,W,"
MIA,GHCND:USW00012839,2024-01-17,AWND,35,",,W,"
MIA,GHCND:USW00012839,2024-01-17,PRCP,0,",,W,2400"
MIA,GHCND:USW00012839,2024-01-17,TMAX,239,",,W,2400"
MIA,GHCND:USW00012839,2024-01-17,TMIN,183,",,W,2400"
MIA,GHCND:USW00012839,2024-01-17,WSF2,67,",,W,"
MIA,GHCND:USW00012839,2024-01-18,AWND,34,",,W,"
MIA,GHCND:USW00012839,2024-01-18,PRCP,0,",,W,2400"
MIA,GHCND:USW00012839,2024-01-18,TMAX,267,",,W,2400"
MIA,GHCND:USW00012839,2024-01-18,TMIN,206,",,W,2400"
MIA,GHCND:USW00012839,2024-01-18,WSF2,67,",,W,"
MIA,GHCND:USW00012839,2024-01-19,AWND,14,",,W,"
MIA,GHCND:USW00012839,2024-01-19,PRCP,3,",,W,2400"
MIA,GHCND:USW00012839,2024-01-19,TMAX,250,",,W,2400"
MIA,GHCND:USW00012839,2024-01-19,TMIN,206,",,W,2400"
MIA,GHCND:USW00012839,2024-01-19,WSF2,54,",,W,"
MIA,GHCND:USW00012839,2024-01-19,WT01,1,",,W,"
MIA,GHCND:USW00012839,2024-01-20,AWND,34,",,W,"
MIA,GHCND:USW00012839,2024-01-20,PRCP,0,",,W,2400"
MIA,GHCND:USW00012839,2024-01-20,TMAX,233,",,W,2400"
MIA,GHCND:USW00012839,2024-01-20,TMIN,139,",,W,2400"
MIA,GHCND:USW00012839,2024-01-20,WSF2,63,",,W,"
MIA,GHCND:USW00012839,2024-01-21,AWND,52,",,W,"
MIA,GHCND:USW00012839,2024-01-21,PRCP,0,",,W,2400"
MIA,GHCND:USW00012839,2024-01-21,TMAX,217,",,W,2400"
MIA,GHCND:USW00012839,2024-01-21,TMIN,111,",,W,2400"
MIA,GHCND:USW00012839,2024-01-21,WSF2,89,",,W,"
MIA,GHCND:USW00012839,2024-01-22,AWND,79,",,W,"
MIA,GHCND:USW00012839,2024-01-22,PRCP,8,",,W,2400"
MIA,GHCND:USW00012839,2024-01-22,TMAX,239,",,W,2400"
MIA,GHCND:USW00012839,2024-01-22,TMIN,183,",,W,2400"
MIA,GHCND:USW00012839,2024-01-22,WSF2,125,",,W,"
MIA,GHCND:USW00012839,2024-01-23,AWND,69,",,W,"
MIA,GHCND:USW00012839,2024-01-23,PRCP,0,",,W,2400"
MIA,GHCND:USW00012839,2024-01-23,TMAX,267,",,W,2400"
MIA,GHCND:USW00012839,2024-01-23,TMIN,211,",,W,2400"
MIA,GHCND:USW00012839,2024-01-23,WSF2,107,",,W,"
MIA,GHCND:USW00012839,2024-01-24,AWND,66,",,W,"
MIA,GHCND:USW00012839,2024-01-24,PRCP,0,",,W,2400"
MIA,GHCND:USW00012839,2024-01-24,TMAX,278,",,W,2400"
MIA,GHCND:USW00012839,2024-01-24,TMIN,228,",,W,2400"
MIA,GHCND:USW00012839,2024-01-24,WSF2,98,",,W,"
MIA,GHCND:USW00012839,2024-01-25,AWND,51,",,W,"
MIA,GHCND:USW00012839,2024-01-25,PRCP,0,",,W,2400"
MIA,GHCND:USW00012839,2024-01-25,TMAX,261,",,W,2400"
MIA,GHCND:USW00012839,2024-01-25,TMIN,233,",,W,2400"
MIA,GHCND:USW00012839,2024-01-25,WSF2,89,",,W,"
MIA,GHCND:USW00012839,2024-01-26,AWND,47,",,W,"
MIA,GHCND:USW00012839,2024-01-26,PRCP,0,",,W,2400"
MIA,GHCND:USW00012839,2024-01-26,TMAX,272,",,W,2400"
MIA,GHCND:USW00012839,2024-01-26,TMIN,222,",,W,2400"
MIA,GHCND:USW00012839,2024-01-26,WSF2,72,",,W,"
MIA,GHCND:USW00012839,2024-01-27,AWND,44,",,W,"
MIA,GHCND:USW00012839,2024-01-27,PRCP,0,",,W,2400"
MIA,GHCND:USW00012839,2024-01-27,TMAX,278,",,W,2400"
MIA,GHCND:USW00012839,2024-01-27,TMIN,228,",,W,2400"
MIA,GHCND:USW00012839,2024-01-27,WSF2,98,",,W,"
MIA,GHCND:USW00012839,2024-01-28,AWND,42,",,W,"
MIA,GHCND:USW00012839,2024-01-28,PRCP,0,",,W,2400"
MIA,GHCND:USW00012839,2024-01-28,TMAX,294,",,W,2400"
MIA,GHCND:USW00012839,2024-01-28,TMIN,167,",,W,2400"
MIA,GHCND:USW00012839,2024-01-28,WSF2,81,",,W,"
MIA,GHCND:USW00012839,2024-01-29,AWND,41,",,W,"
MIA,GHCND:USW00012839,2024-01-29,PRCP,0,",,W,2400"
MIA,GHCND:USW00012839,2024-01-29,TMAX,200,",,W,2400"
MIA,GHCND:USW00012839,2024-01-29,TMIN,139,",,W,2400"
MIA,GHCND:USW00012839,2024-01-29,WSF2,89,",,W,"
MIA,GHCND:USW00012839,2024-01-30,AWND,23,",,W,"
MIA,GHCND:USW00012839,2024-01-30,PRCP,0,",,W,2400"
MIA,GHCND:USW00012839,2024-01-30,TMAX,228,",,W,2400"
MIA,GHCND:USW00012839,2024-01-30,TMIN,117,",,W,2400"
MIA,GHCND:USW00012839,2024-01-30,WSF2,45,",,W,"
MIA,GHCND:USW00012839,2024-01-31,AWND,34,",,W,"
MIA,GHCND:USW00012839,2024-01-31,PRCP,0,",,W,2400"
MIA,GHCND:USW00012839,2024-01-31,TMAX,228,",,W,2400"
MIA,GHCND:USW00012839,2024-01-31,TMIN,128,",,W,2400"
MIA,GHCND:USW00012839,2024-01-31,WSF2,67,",,W,"
PHX,GHCND:USW00023183,2024-01-01,AWND,18,",,W,"
PHX,GHCND:USW00023183,2024-01-01,PRCP,0,",,W,2400"
PHX,GHCND:USW00023183,2024-01-01,TMAX,172,",,W,2400"
PHX,GHCND:USW00023183,2024-01-01,TMIN,83,",,W,2400"
PHX,GHCND:USW00023183,2024-01-01,WSF2,58,",,W,"
PHX,GHCND:USW00023183,2024-01-02,AWND,13,",,W,"
PHX,GHCND:USW00023183,2024-01-02,PRCP,0,",,W,2400"
PHX,GHCND:USW00023183,2024-01-02,TMAX,189,",,W,2400"
PHX,GHCND:USW00023183,2024-01-02,TMIN,72,",,W,2400"
PHX,GHCND:USW00023183,2024-01-02,WSF2,45,",,W,"
PHX,GHCND:USW00023183,2024-01-03,AWND,30,",,W,"
PHX,GHCND:USW00023183,2024-01-03,PRCP,3,",,W,2400"
PHX,GHCND:USW00023183,2024-01-03,TMAX,178,",,W,2400"
PHX,GHCND:USW00023183,2024-01-03,TMIN,72,",,W,2400"
PHX,GHCND:USW00023183,2024-01-03,WSF2,148,",,W,"
PHX,GHCND:USW00023183,2024-01-04,AWND,30,",,W,"
PHX,GHCND:USW00023183,2024-01-04,PRCP,0,",,W,2400"
PHX,GHCND:USW00023183,2024-01-04,TMAX,156,",,W,2400"
PHX,GHCND:USW00023183,2024-01-04,TMIN,72,",,W,2400"
PHX,GHCND:USW00023183,2024-01-04,WSF2,72,",,W,"
PHX,GHCND:USW00023183,2024-01-05,AWND,13,",,W,"
PHX,GHCND:USW00023183,2024-01-05,PRCP,0,",,W,2400"
PHX,GHCND:USW00023183,2024-01-05,TMAX,144,",,W,2400"
PHX,GHCND:USW00023183,2024-01-05,TMIN,56,",,W,2400"
PHX,GHCND:USW00023183,2024-01-05,WSF2,45,",,W,"
PHX,GHCND:USW00023183,2024-01-06,AWND,20,",,W,"
PHX,GHCND:USW00023183,2024-01-06,PRCP,0,",,W,2400"
PHX,GHCND:USW00023183,2024-01-06,TMAX,167,",,W,2400"
PHX,GHCND:USW00023183,2024-01-06,TMIN,44,",,W,2400"
PHX,GHCND:USW00023183,2024-01-06,WSF2,45,",,W,"
PHX,GHCND:USW00023183,2024-01-07,AWND,47,",,W,"
PHX,GHCND:USW00023183,2024-01-07,PRCP,3,",,W,2400"
PHX,GHCND:USW00023183,2024-01-07,TMAX,122,",,W,2400"
PHX,GHCND:USW00023183,2024-01-07,TMIN,61,",,W,2400"
PHX,GHCND:USW00023183,2024-01-07,WSF2,130,",,W,"
PHX,GHCND:USW00023183,2024-01-08,AWND,26,",,W,"
PHX,GHCND:USW00023183,2024-01-08,PRCP,0,",,W,2400"
PHX,GHCND:USW00023183,2024-01-08,TMAX,122,",,W,2400"
PHX,GHCND:USW00023183,2024-01-08,TMIN,28,",,W,2400"
PHX,GHCND:USW00023183,2024-01-08,WSF2,67,",,W,"
PHX,GHCND:USW00023183,2024-01-09,AWND,15,",,W,"
PHX,GHCND:USW00023183,2024-01-09,PRCP,0,",,W,2400"
PHX,GHCND:USW00023183,2024-01-09,TMAX,133,",,W,2400"
PHX,GHCND:USW00023183,2024-01-09,TMIN,17,",,W,2400"
PHX,GHCND:USW00023183,2024-01-09,WSF2,36,",,W,"
PHX,GHCND:USW00023183,2024-01-10,AWND,20,",,W,"
PHX,GHCND:USW00023183,2024-01-10,PRCP,0,",,W,2400"
PHX,GHCND:USW00023183,2024-01-10,TMAX,156,",,W,2400"
PHX,GHCND:USW00023183,2024-01-10,TMIN,28,",,W,2400"
PHX,GHCND:USW00023183,2024-01-10,WSF2,54,",,W,"
PHX,GHCND:USW00023183,2024-01-11,AWND,55,",,W,"
PHX,GHCND:USW00023183,2024-01-11,PRCP,3,",,W,2400"
PHX,GHCND:USW00023183,2024-01-11,TMAX,144,",,W,2400"
PHX,GHCND:USW00023183,2024-01-11,TMIN,39,",,W,2400"
PHX,GHCND:USW00023183,2024-01-11,WSF2,116,",,W,"
PHX,GHCND:USW00023183,2024-01-11,WT03,1,",,W,"
PHX,GHCND:USW00023183,2024-01-12,AWND,18,",,W,"
PHX,GHCND:USW00023183,2024-01-12,PRCP,0,",,W,2400"
PHX,GHCND:USW00023183,2024-01-12,TMAX,144,",,W,2400"
PHX,GHCND:USW00023183,2024-01-12,TMIN,22,",,W,2400"
PHX,GHCND:USW00023183,2024-01-12,WSF2,58,",,W,"
PHX,GHCND:USW00023183,2024-01-13,AWND,12,",,W,"
PHX,GHCND:USW00023183,2024-01-13,PRCP,0,",,W,2400"
PHX,GHCND:USW00023183,2024-01-13,TMAX,167,",,W,2400"
PHX,GHCND:USW00023183,2024-01-13,TMIN,28,",,W,2400"
PHX,GHCND:USW00023183,2024-01-13,WSF2,40,",,W,"
PHX,GHCND:USW00023183,2024-01-14,AWND,22,",,W,"
PHX,GHCND:USW00023183,2024-01-14,PRCP,0,",,W,2400"
PHX,GHCND:USW00023183,2024-01-14,TMAX,194,",,W,2400"
PHX,GHCND:USW00023183,2024-01-14,TMIN,50,",,W,2400"
PHX,GHCND:USW00023183,2024-01-14,WSF2,45,",,W,"
PHX,GHCND:USW00023183,2024-01-15,AWND,14,",,W,"
PHX,GHCND:USW00023183,2024-01-15,PRCP,0,",,W,2400"
PHX,GHCND:USW00023183,2024-01-15,TMAX,200,",,W,2400"
PHX,GHCND:USW00023183,2024-01-15,TMIN,56,",,W,2400"
PHX,GHCND:USW00023183,2024-01-15,WSF2,36,",,W,"
PHX,GHCND:USW00023183,2024-01-16,AWND,11,",,W,"
PHX,GHCND:USW00023183,2024-01-16,PRCP,0,",,W,2400"
PHX,GHCND:USW00023183,2024-01-16,TMAX,211,",,W,2400"
PHX,GHCND:USW00023183,2024-01-16,TMIN,67,",,W,2400"
PHX,GHCND:USW00023183,2024-01-16,WSF2,45,",,W,"
PHX,GHCND:USW00023183,2024-01-17,AWND,23,",,W,"
PHX,GHCND:USW00023183,2024-01-17,PRCP,0,",,W,2400"
PHX,GHCND:USW00023183,2024-01-17,TMAX,200,",,W,2400"
PHX,GHCND:USW00023183,2024-01-17,TMIN,72,",,W,2400"
PHX,GHCND:USW00023183,2024-01-17,WSF2,45,",,W,"
PHX,GHCND:USW00023183,2024-01-18,AWND,11,",,W,"
PHX,GHCND:USW00023183,2024-01-18,PRCP,0,",,W,2400"
PHX,GHCND:USW00023183,2024-01-18,TMAX,244,",,W,2400"
PHX,GHCND:USW00023183,2024-01-18,TMIN,72,",,W,2400"
PHX,GHCND:USW00023183,2024-01-18,WSF2,36,",,W,"
PHX,GHCND:USW00023183,2024-01-19,AWND,16,",,W,"
PHX,GHCND:USW00023183,2024-01-19,PRCP,0,",,W,2400"
PHX,GHCND:USW00023183,2024-01-19,TMAX,250,",,W,2400"
PHX,GHCND:USW00023183,2024-01-19,TMIN,100,",,W,2400"
PHX,GHCND:USW00023183,2024-01-19,WSF2,45,",,W,"
PHX,GHCND:USW00023183,2024-01-20,AWND,25,",,W,"
PHX,GHCND:USW00023183,2024-01-20,PRCP,0,",,W,2400"
PHX,GHCND:USW00023183,2024-01-20,TMAX,200,",,W,2400"
PHX,GHCND:USW00023183,2024-01-20,TMIN,111,",,W,2400"
PHX,GHCND:USW00023183,2024-01-20,WSF2,58,",,W,"
PHX,GHCND:USW00023183,2024-01-21,AWND,17,",,W,"
PHX,GHCND:USW00023183,2024-01-21,PRCP,8,",,W,2400"
PHX,GHCND:USW00023183,2024-01-21,TMAX,172,",,W,2400"
PHX,GHCND:USW00023183,2024-01-21,TMIN,117,",,W,2400"
PHX,GHCND:USW00023183,2024-01-21,WSF2,40,",,W,"
PHX,GHCND:USW00023183,2024-01-21,WT01,1,",,W,"
PHX,GHCND:USW00023183,2024-01-22,AWND,26,",,W,"
PHX,GHCND:USW00023183,2024-01-22,PRCP,66,",,W,2400"
PHX,GHCND:USW00023183,2024-01-22,TMAX,178,",,W,2400"
PHX,GHCND:USW00023183,2024-01-22,TMIN,100,",,W,2400"
PHX,GHCND:USW00023183,2024-01-22,WSF2,67,",,W,"
PHX,GHCND:USW00023183,2024-01-22,WT01,1,",,W,"
PHX,GHCND:USW00023183,2024-01-23,AWND,29,",,W,"
PHX,GHCND:USW00023183,2024-01-23,PRCP,104,",,W,2400"
PHX,GHCND:USW00023183,2024-01-23,TMAX,161,",,W,2400"
PHX,GHCND:USW00023183,2024-01-23,TMIN,122,",,W,2400"
PHX,GHCND:USW00023183,2024-01-23,WSF2,67,",,W,"
PHX,GHCND:USW00023183,2024-01-23,WT01,1,",,W,"
PHX,GHCND:USW00023183,2024-01-23,WT03,1,",,W,"
PHX,GHCND:USW00023183,2024-01-24,AWND,10,",,W,"
PHX,GHCND:USW00023183,2024-01-24,PRCP,0,"T,,W,2400"
PHX,GHCND:USW00023183,2024-01-24,TMAX,172,",,W,2400"
PHX,GHCND:USW00023183,2024-01-24,TMIN,117,",,W,2400"
PHX,GHCND:USW00023183,2024-01-24,WSF2,36,",,W,"
PHX,GHCND:USW00023183,2024-01-24,WT01,1,",,W,"
PHX,GHCND:USW00023183,2024-01-25,AWND,27,",,W,"
PHX,GHCND:USW00023183,2024-01-25,PRCP,0,",,W,2400"
PHX,GHCND:USW00023183,2024-01-25,TMAX,189,",,W,2400"
PHX,GHCND:USW00023183,2024-01-25,TMIN,106,",,W,2400"
PHX,GHCND:USW00023183,2024-01-25,WSF2,63,",,W,"
PHX,GHCND:USW00023183,2024-01-25,WT01,1,",,W,"
PHX,GHCND:USW00023183,2024-01-26,AWND,21,",,W,"
PHX,GHCND:USW00023183,2024-01-26,PRCP,0,",,W,2400"
PHX,GHCND:USW00023183,2024-01-26,TMAX,206,",,W,2400"
PHX,GHCND:USW00023183,2024-01-26,TMIN,83,",,W,2400"
PHX,GHCND:USW00023183,2024-01-26,WSF2,58,",,W,"
PHX,GHCND:USW00023183,2024-01-27,AWND,30,",,W,"
PHX,GHCND:USW00023183,2024-01-27,PRCP,0,",,W,2400"
PHX,GHCND:USW00023183,2024-01-27,TMAX,233,",,W,2400"
PHX,GHCND:USW00023183,2024-01-27,TMIN,83,",,W,2400"
PHX,GHCND:USW00023183,2024-01-27,WSF2,89,",,W,"
PHX,GHCND:USW00023183,2024-01-28,AWND,40,",,W,"
PHX,GHCND:USW00023183,2024-01-28,PRCP,0,",,W,2400"
PHX,GHCND:USW00023183,2024-01-28,TMAX,256,",,W,2400"
PHX,GHCND:USW00023183,2024-01-28,TMIN,117,",,W,2400"
PHX,GHCND:USW00023183,2024-01-28,WSF2,98,",,W,"
PHX,GHCND:USW00023183,2024-01-29,AWND,17,",,W,"
PHX,GHCND:USW00023183,2024-01-29,PRCP,0,",,W,2400"
PHX,GHCND:USW00023183,2024-01-29,TMAX,272,",,W,2400"
PHX,GHCND:USW00023183,2024-01-29,TMIN,122,",,W,2400"
PHX,GHCND:USW00023183,2024-01-29,WSF2,76,",,W,"
PHX,GHCND:USW00023183,2024-01-30,AWND,16,",,W,"
PHX,GHCND:USW00023183,2024-01-30,PRCP,0,",,W,2400"
PHX,GHCND:USW00023183,2024-01-30,TMAX,272,",,W,2400"
PHX,GHCND:USW00023183,2024-01-30,TMIN,122,",,W,2400"
PHX,GHCND:USW00023183,2024-01-30,WSF2,58,",,W,"
PHX,GHCND:USW00023183,2024-01-31,AWND,23,",,W,"
PHX,GHCND:USW00023183,2024-01-31,PRCP,0,",,W,2400"
PHX,GHCND:USW00023183,2024-01-31,TMAX,272,",,W,2400"
PHX,GHCND:USW00023183,2024-01-31,TMIN,133,",,W,2400"
PHX,GHCND:USW00023183,2024-01-31,WSF2,54,",,W,"
