order_id,order_date,order_time,customer_id,customer_segment,loyalty_years,region,state,product_category,product_subcategory,sku,metal_type,stone_type,unit_price,quantity,subtotal,discount_percent,discount_amount,tax_rate,tax_amount,shipping_fee,gift_wrap_fee,engraving_fee,insurance_fee,order_total,is_gift,has_engraving,has_insurance,marketing_channel,sales_channel,payment_method,order_status,nps_score
ORD-20251124-010001,2025-11-24,13:20:10,CMS-AD8DB644,Regular,4.1,Southeast,NC,Earrings,Studs,EAR-STU-63273,18K White Gold,Pearl,4768.73,1,4768.73,0.0,0.0,0.065,309.97,0,0,0,0.0,5078.7,False,False,False,Referral,Boutique Stores,Financing,Delivered,9.0
ORD-20250521-010002,2025-05-21,20:49:13,CMS-FE6F3AFE,Premium,5.8,International,INT,Earrings,Chandelier,EAR-CHA-78759,14K Gold,Pearl,4628.69,1,4628.69,0.0,0.0,0.0,0.0,0,0,0,0.0,4628.69,False,False,False,Social Media,Website,Wire Transfer,Delivered,7.0
ORD-20251213-010003,2025-12-13,16:21:51,CMS-E72E3A90,Premium,7.2,Southwest,OK,Wedding Bands,Eternity,WED-ETE-93351,14K Gold,Diamond,6193.3,1,6193.3,0.0,0.0,0.0625,387.08,0,0,0,0.0,6580.38,False,False,False,Display Ads,Website,Credit Card,Delivered,8.0
ORD-20251007-010004,2025-10-07,12:34:46,CMS-11B02895,New,0.4,West,OR,Bracelets,Cuff,BRA-CUF-73017,18K White Gold,Diamond,9114.3,1,9114.3,0.0,0.0,0.075,683.57,0,0,75,0.0,9872.87,False,True,False,Email,Boutique Stores,Apple Pay,Delivered,10.0
ORD-20250805-010005,2025-08-05,08:06:51,CMS-D361CCC5,VIP Elite,7.6,Southwest,NM,Engagement Rings,Vintage,ENG-VIN-44093,Platinum,Lab Diamond,24461.71,1,24461.71,0.0,0.0,0.0625,1528.86,0,0,0,0.0,25990.57,False,False,False,Paid Search,Boutique Stores,Financing,Returned,5.0
ORD-20250217-010006,2025-02-17,22:44:44,CMS-A8D10A7C,VIP Elite,6.1,Southeast,NC,Necklaces,Layering,NEC-LAY-87976,18K Yellow Gold,Emerald,8219.2,1,8219.2,0.0,0.0,0.065,534.25,0,0,0,164.38,8917.83,False,False,True,Direct,Website,Apple Pay,Delivered,9.0
ORD-20250916-010007,2025-09-16,21:39:04,CMS-1DE68851,Regular,4.4,Northeast,NJ,Fine Watches,Limited Edition,FIN-LIM-59256,Platinum,Diamond,48896.15,1,48896.15,0.1,4889.62,0.08,3911.69,0,0,0,977.92,48896.14,False,False,True,Affiliate,Website,PayPal,Delivered,10.0
ORD-20251015-010008,2025-10-15,16:37:32,CMS-8897F1AB,VIP Elite,14.9,Midwest,MN,Engagement Rings,Pavé,ENG-PAV-59634,18K Yellow Gold,Diamond,40362.59,1,40362.59,0.0,0.0,0.07,2825.38,0,0,0,807.25,43995.22,False,False,True,Referral,Boutique Stores,Credit Card,Delivered,6.0
ORD-20251129-010009,2025-11-29,20:43:35,CMS-D5882D22,Regular,2.5,Southeast,GA,Fine Watches,Diamond,FIN-DIA-55205,18K White Gold,Diamond,17555.28,2,35110.56,0.0,0.0,0.065,2282.19,0,0,75,0.0,37467.75,False,True,False,Display Ads,Private Appointment,Credit Card,Delivered,9.0
ORD-20250803-010010,2025-08-03,16:53:34,CMS-E0C03114,Premium,2.1,Southeast,NC,Earrings,Drop,EAR-DRO-95195,18K Yellow Gold,Diamond,6505.74,2,13011.49,0.0,0.0,0.065,845.75,0,0,0,0.0,13857.24,False,False,False,Organic Search,Flagship Store,Apple Pay,Delivered,8.0
ORD-20251029-010011,2025-10-29,20:32:02,CMS-F71A3441,VIP Elite,10.2,Southwest,TX,Wedding Bands,Milgrain,WED-MIL-66821,18K Rose Gold,Diamond,4885.98,1,4885.98,0.05,244.3,0.0625,305.37,0,0,0,0.0,4947.05,False,False,False,Organic Search,Website,Credit Card,Delivered,9.0
ORD-20250323-010012,2025-03-23,16:28:37,CMS-8BE8D5F3,Regular,2.6,Northeast,MA,Necklaces,Layering,NEC-LAY-87037,14K Gold,Pearl,3992.99,2,7985.98,0.1,798.6,0.08,638.88,0,0,0,159.72,7985.98,False,False,True,Organic Search,Boutique Stores,Credit Card,Delivered,7.0
ORD-20251224-010013,2025-12-24,16:50:59,CMS-A0D86ABE,Premium,5.7,West,CA,Wedding Bands,Custom,WED-CUS-99034,18K Yellow Gold,Sapphire,5056.14,2,10112.29,0.0,0.0,0.075,758.42,0,25,0,202.25,11097.96,True,False,True,Organic Search,Boutique Stores,Wire Transfer,Shipped,
ORD-20250523-010014,2025-05-23,21:49:44,CMS-C1B990E1,Occasional,2.8,Northeast,NJ,Engagement Rings,Solitaire,ENG-SOL-20990,Platinum,Moissanite,5186.45,1,5186.45,0.0,0.0,0.08,414.92,0,0,75,0.0,5676.37,False,True,False,Email,Website,Credit Card,Delivered,9.0
ORD-20250622-010015,2025-06-22,20:26:47,CMS-AF1EA7C5,Regular,3.3,West,OR,Engagement Rings,Pavé,ENG-PAV-24317,Platinum,Moissanite,6331.85,1,6331.85,0.0,0.0,0.075,474.89,0,0,0,126.64,6933.38,False,False,True,Organic Search,Phone/Concierge,Credit Card,Delivered,9.0
ORD-20250714-010016,2025-07-14,12:14:07,CMS-C054B638,Premium,2.4,International,INT,Bracelets,Cuff,BRA-CUF-56737,Platinum,Sapphire,4589.92,1,4589.92,0.0,0.0,0.0,0.0,0,0,75,0.0,4664.92,False,True,False,Organic Search,Flagship Store,Wire Transfer,Delivered,10.0
ORD-20250626-010017,2025-06-26,11:52:54,CMS-3D9DABE5,Occasional,0.4,Northeast,CT,Earrings,Chandelier,EAR-CHA-57249,Platinum,Emerald,2017.68,1,2017.68,0.0,0.0,0.08,161.41,0,25,0,0.0,2204.09,True,False,False,Organic Search,Website,Credit Card,Delivered,7.0
ORD-20251002-010018,2025-10-02,15:20:58,CMS-EE10AA55,New,0.7,West,OR,Bracelets,Tennis,BRA-TEN-14827,14K Gold,Diamond,4980.11,1,4980.11,0.0,0.0,0.075,373.51,0,0,0,0.0,5353.62,False,False,False,Affiliate,Website,Credit Card,Shipped,
ORD-20250713-010019,2025-07-13,08:53:10,CMS-EBA9940B,Regular,1.1,West,WA,Gifts & Accessories,Ring Holder,GIF-RIN-46749,N/A,N/A,647.77,1,647.77,0.0,0.0,0.075,48.58,25,0,0,0.0,721.35,False,False,False,Display Ads,Website,Financing,Delivered,9.0
ORD-20250210-010020,2025-02-10,19:43:25,CMS-ECB47FBB,Occasional,1.4,West,CA,Wedding Bands,Diamond,WED-DIA-96802,Platinum,Diamond,1492.46,1,1492.46,0.0,0.0,0.075,111.93,0,0,75,0.0,1679.39,False,True,False,Referral,Flagship Store,Credit Card,Delivered,9.0
ORD-20251118-010021,2025-11-18,12:37:29,CMS-B73DD7AA,Occasional,1.5,West,OR,Earrings,Drop,EAR-DRO-92182,18K White Gold,Emerald,6967.02,3,20901.05,0.0,0.0,0.075,1567.58,0,0,75,0.0,22543.63,False,True,False,Social Media,Website,Credit Card,Delivered,9.0
ORD-20251227-010022,2025-12-27,12:09:27,CMS-FD1D25ED,Premium,5.5,West,OR,Earrings,Hoops,EAR-HOO-44168,Platinum,Sapphire,4430.53,1,4430.53,0.1,443.05,0.075,332.29,0,0,0,0.0,4319.77,True,False,False,Paid Search,Website,Credit Card,Returned,6.0
ORD-20250205-010023,2025-02-05,22:25:57,CMS-E71FC4C3,Premium,3.8,Southwest,CO,Earrings,Huggie,EAR-HUG-61239,18K Yellow Gold,Pearl,5130.34,1,5130.34,0.0,0.0,0.0625,320.65,0,0,0,0.0,5450.99,False,False,False,Direct,Website,Credit Card,Delivered,6.0
ORD-20250210-010024,2025-02-10,09:33:35,CMS-B70B811E,Occasional,1.9,International,INT,Earrings,Chandelier,EAR-CHA-62247,18K White Gold,Diamond,1642.12,1,1642.12,0.0,0.0,0.0,0.0,0,0,0,0.0,1642.12,False,False,False,Paid Search,Private Appointment,Wire Transfer,Delivered,8.0
ORD-20250714-010025,2025-07-14,17:55:31,CMS-5946AB29,New,0.1,Midwest,WI,Fine Watches,Limited Edition,FIN-LIM-31103,Stainless Steel,None,15782.6,1,15782.6,0.2,3156.52,0.07,1104.78,0,0,0,315.65,14046.51,False,False,True,Organic Search,Website,PayPal,Delivered,9.0
ORD-20250523-010026,2025-05-23,16:46:22,CMS-FDCADDCD,Premium,2.9,Northeast,MA,Bracelets,Charm,BRA-CHA-46756,14K Gold,Ruby,6426.74,1,6426.74,0.0,0.0,0.08,514.14,0,0,0,128.53,7069.41,True,False,True,Display Ads,Boutique Stores,Financing,Delivered,9.0
ORD-20250706-010027,2025-07-06,12:00:55,CMS-5C7FB23F,Premium,4.1,Southwest,OK,Earrings,Hoops,EAR-HOO-96513,18K Yellow Gold,Pearl,2789.63,1,2789.63,0.0,0.0,0.0625,174.35,0,0,0,0.0,2963.98,False,False,False,Direct,Website,Financing,Processing,
ORD-20250701-010028,2025-07-01,15:41:27,CMS-5D00E67B,Premium,3.9,Northeast,CT,Earrings,Drop,EAR-DRO-14578,14K Gold,Pearl,5984.99,1,5984.99,0.0,0.0,0.08,478.8,0,0,0,119.7,6583.49,False,False,True,Affiliate,Website,Apple Pay,Delivered,8.0
ORD-20250517-010029,2025-05-17,20:08:28,CMS-0059C2CE,New,1.0,Southwest,NM,Gifts & Accessories,Care Kit,GIF-CAR-14492,N/A,N/A,705.03,3,2115.09,0.0,0.0,0.0625,132.19,0,0,0,0.0,2247.28,False,False,False,Social Media,Flagship Store,Credit Card,Delivered,10.0
ORD-20251216-010030,2025-12-16,16:59:28,CMS-AB62BFB7,Premium,6.9,Midwest,MI,Fine Watches,Sport,FIN-SPO-88610,18K Yellow Gold,Diamond,25582.99,2,51165.98,0.0,0.0,0.07,3581.62,0,0,0,0.0,54747.6,False,False,False,Organic Search,Flagship Store,Credit Card,Delivered,7.0
ORD-20251108-010031,2025-11-08,08:51:34,CMS-D685F5B9,Regular,3.9,Southeast,NC,Engagement Rings,Three-Stone,ENG-THR-62961,18K White Gold,Diamond,11102.8,1,11102.8,0.0,0.0,0.065,721.68,0,0,0,0.0,11824.48,False,False,False,Organic Search,Flagship Store,Apple Pay,Delivered,7.0
ORD-20251001-010032,2025-10-01,09:47:26,CMS-BD085185,New,0.8,West,WA,Gifts & Accessories,Gift Card,GIF-GIF-17376,N/A,N/A,2403.55,1,2403.55,0.0,0.0,0.075,180.27,0,25,0,0.0,2608.82,True,False,False,Paid Search,Website,Apple Pay,Cancelled,
ORD-20250325-010033,2025-03-25,16:18:35,CMS-CD9EB5F1,VIP Elite,5.9,Northeast,NJ,Earrings,Huggie,EAR-HUG-48328,Platinum,Emerald,6774.13,1,6774.13,0.05,338.71,0.08,541.93,0,0,75,135.48,7187.83,False,True,True,Organic Search,Website,Credit Card,Delivered,9.0
ORD-20251124-010034,2025-11-24,09:45:33,CMS-F914D0CD,Regular,1.6,West,OR,Engagement Rings,Halo,ENG-HAL-72803,Platinum,Lab Diamond,8839.19,2,17678.38,0.0,0.0,0.075,1325.88,0,0,0,353.57,19357.83,False,False,True,Organic Search,Website,Wire Transfer,Delivered,8.0
ORD-20251219-010035,2025-12-19,13:28:55,CMS-FC192B0C,Regular,3.8,West,NV,Engagement Rings,Three-Stone,ENG-THR-33591,18K Yellow Gold,Moissanite,22631.04,1,22631.04,0.0,0.0,0.075,1697.33,0,0,0,0.0,24328.37,False,False,False,Email,Private Appointment,Credit Card,Delivered,7.0
ORD-20251217-010036,2025-12-17,15:57:25,CMS-7597B648,New,0.8,Northeast,CT,Earrings,Chandelier,EAR-CHA-71833,18K White Gold,Sapphire,1885.72,1,1885.72,0.0,0.0,0.08,150.86,0,0,0,0.0,2036.58,True,False,False,Social Media,Website,Credit Card,Shipped,
ORD-20250129-010037,2025-01-29,17:18:46,CMS-CAB0C140,Regular,3.2,Midwest,IL,Engagement Rings,Three-Stone,ENG-THR-82416,18K White Gold,Diamond,16651.2,1,16651.2,0.0,0.0,0.07,1165.58,0,0,0,0.0,17816.78,False,False,False,Email,Boutique Stores,Credit Card,Returned,7.0
ORD-20250725-010038,2025-07-25,19:59:46,CMS-1FAA9317,VIP Elite,9.5,West,WA,Wedding Bands,Eternity,WED-ETE-63869,18K Yellow Gold,Diamond,2312.29,1,2312.29,0.05,115.61,0.075,173.42,0,0,0,0.0,2370.1,True,False,False,Social Media,Website,Financing,Delivered,7.0
ORD-20250518-010039,2025-05-18,10:36:58,CMS-F0EF4E77,Premium,3.0,International,INT,Engagement Rings,Vintage,ENG-VIN-83003,18K Yellow Gold,Diamond,10294.8,2,20589.6,0.0,0.0,0.0,0.0,0,0,0,411.79,21001.39,False,False,True,Organic Search,Website,Credit Card,Delivered,9.0
ORD-20250611-010040,2025-06-11,11:17:42,CMS-7740E4A7,Regular,2.7,West,CA,Necklaces,Pendant,NEC-PEN-19038,14K Gold,None,5561.33,1,5561.33,0.0,0.0,0.075,417.1,0,0,0,111.23,6089.66,False,False,True,Organic Search,Boutique Stores,Wire Transfer,Delivered,8.0
ORD-20250419-010041,2025-04-19,12:25:35,CMS-D9D6BDD4,Regular,1.5,Midwest,MN,Earrings,Studs,EAR-STU-31118,18K White Gold,Diamond,5381.45,1,5381.45,0.0,0.0,0.07,376.7,0,25,0,0.0,5783.15,True,False,False,Referral,Boutique Stores,Financing,Delivered,10.0
ORD-20251126-010042,2025-11-26,11:09:01,CMS-59DCE765,Regular,3.2,Northeast,NY,Gifts & Accessories,Travel Case,GIF-TRA-24926,N/A,N/A,1111.25,1,1111.25,0.0,0.0,0.08,88.9,0,25,0,0.0,1225.15,True,False,False,Organic Search,Website,PayPal,Delivered,8.0
ORD-20250823-010043,2025-08-23,11:05:03,CMS-D2804BDA,New,0.7,Southeast,VA,Wedding Bands,Diamond,WED-DIA-28863,14K Gold,Sapphire,2959.8,1,2959.8,0.05,147.99,0.065,192.39,0,0,0,0.0,3004.2,False,False,False,Paid Search,Website,Credit Card,Delivered,6.0
ORD-20250313-010044,2025-03-13,20:13:48,CMS-BCF08B7E,New,0.3,Midwest,WI,Wedding Bands,Diamond,WED-DIA-61814,18K White Gold,None,2697.69,1,2697.69,0.0,0.0,0.07,188.84,0,25,0,0.0,2911.53,True,False,False,Direct,Website,Wire Transfer,Shipped,
ORD-20251015-010045,2025-10-15,20:33:20,CMS-644C87DA,Regular,1.7,West,AZ,Engagement Rings,Three-Stone,ENG-THR-89012,18K Yellow Gold,Moissanite,7162.0,1,7162.0,0.0,0.0,0.075,537.15,0,0,0,143.24,7842.39,False,False,True,Social Media,Phone/Concierge,Wire Transfer,Delivered,9.0
ORD-20251027-010046,2025-10-27,11:56:31,CMS-F469EDBF,Regular,2.7,Northeast,NJ,Earrings,Studs,EAR-STU-88939,14K Gold,Emerald,2595.56,1,2595.56,0.1,259.56,0.08,207.64,0,0,0,0.0,2543.64,False,False,False,Affiliate,Website,PayPal,Delivered,10.0
ORD-20251026-010047,2025-10-26,11:25:26,CMS-0B0D4CB8,New,0.6,West,AZ,Mens Jewelry,Chains,MEN-CHA-90508,Sterling Silver,Diamond,1957.11,1,1957.11,0.0,0.0,0.075,146.78,0,0,0,0.0,2103.89,True,False,False,Organic Search,Website,Financing,Delivered,7.0
ORD-20250312-010048,2025-03-12,12:06:50,CMS-5918A5A6,VIP Elite,9.9,West,OR,Engagement Rings,Solitaire,ENG-SOL-50561,18K Yellow Gold,Moissanite,46653.46,1,46653.46,0.05,2332.67,0.075,3499.01,0,0,0,933.07,48752.87,False,False,True,Email,Website,Credit Card,Delivered,9.0
ORD-20250918-010049,2025-09-18,09:13:53,CMS-A99F1451,Regular,4.7,Southwest,CO,Bracelets,Bangle,BRA-BAN-58357,18K Yellow Gold,None,5414.77,1,5414.77,0.0,0.0,0.0625,338.42,0,0,0,0.0,5753.19,False,False,False,Paid Search,Website,Apple Pay,Delivered,5.0
ORD-20250320-010050,2025-03-20,12:19:14,CMS-3806C53C,VIP Elite,10.3,Midwest,WI,Engagement Rings,Vintage,ENG-VIN-39441,18K Rose Gold,Lab Diamond,11389.2,2,22778.4,0.0,0.0,0.07,1594.49,0,0,0,455.57,24828.46,False,False,True,Organic Search,Phone/Concierge,Wire Transfer,Delivered,9.0
ORD-20251118-010051,2025-11-18,20:48:58,CMS-197DC2C9,New,0.6,Southeast,VA,Gifts & Accessories,Care Kit,GIF-CAR-10936,N/A,N/A,1119.46,1,1119.46,0.0,0.0,0.065,72.76,0,0,0,0.0,1192.22,False,False,False,Direct,Website,Credit Card,Delivered,9.0
ORD-20251215-010052,2025-12-15,21:14:38,CMS-62B13042,Regular,2.6,West,WA,Mens Jewelry,Rings,MEN-RIN-20870,18K Yellow Gold,Onyx,2177.63,1,2177.63,0.0,0.0,0.075,163.32,0,0,0,0.0,2340.95,True,False,False,Email,Flagship Store,Credit Card,Delivered,10.0
ORD-20250202-010053,2025-02-02,13:15:55,CMS-D64F6E49,New,0.2,Southeast,NC,Earrings,Chandelier,EAR-CHA-60751,18K White Gold,Emerald,2475.08,1,2475.08,0.0,0.0,0.065,160.88,0,0,0,0.0,2635.96,False,False,False,Paid Search,Website,PayPal,Delivered,10.0
ORD-20250928-010054,2025-09-28,08:30:58,CMS-C4E4E582,VIP Elite,14.0,Northeast,NY,Engagement Rings,Three-Stone,ENG-THR-24517,Platinum,Diamond,37338.47,2,74676.93,0.15,11201.54,0.08,5974.15,0,25,0,0.0,69474.54,True,False,False,Direct,Website,Apple Pay,Delivered,9.0
ORD-20250106-010055,2025-01-06,13:32:51,CMS-9F17B994,Regular,3.5,West,NV,Wedding Bands,Diamond,WED-DIA-47435,14K Gold,Diamond,5626.24,1,5626.24,0.0,0.0,0.075,421.97,0,0,0,112.52,6160.73,False,False,True,Referral,Website,Credit Card,Delivered,10.0
ORD-20251215-010056,2025-12-15,20:24:22,CMS-F5A96340,New,0.3,Southwest,CO,Engagement Rings,Solitaire,ENG-SOL-10593,18K White Gold,Moissanite,22302.47,1,22302.47,0.0,0.0,0.0625,1393.9,0,25,0,446.05,24167.42,True,False,True,Paid Search,Website,Credit Card,Delivered,10.0
ORD-20251216-010057,2025-12-16,19:54:11,CMS-5CC8A1C9,Regular,2.1,Northeast,NJ,Earrings,Drop,EAR-DRO-15318,Platinum,None,2445.17,1,2445.17,0.0,0.0,0.08,195.61,0,0,0,0.0,2640.78,False,False,False,Paid Search,Website,Credit Card,Delivered,7.0
ORD-20250517-010058,2025-05-17,18:49:03,CMS-E558B407,Regular,1.8,Northeast,NJ,Gifts & Accessories,Jewelry Box,GIF-JEW-82108,N/A,N/A,873.89,2,1747.78,0.05,87.39,0.08,139.82,0,0,0,0.0,1800.21,False,False,False,Paid Search,Boutique Stores,Credit Card,Delivered,10.0
ORD-20250624-010059,2025-06-24,17:08:51,CMS-9BB0B699,Premium,6.1,Southeast,VA,Fine Watches,Limited Edition,FIN-LIM-57777,18K White Gold,None,34932.1,3,104796.29,0.0,0.0,0.065,6811.76,0,0,0,0.0,111608.05,False,False,False,Email,Website,Wire Transfer,Delivered,7.0
ORD-20250811-010060,2025-08-11,19:41:34,CMS-E2A7555F,Premium,3.7,Northeast,NJ,Mens Jewelry,Bracelets,MEN-BRA-48098,Sterling Silver,Onyx,5732.98,1,5732.98,0.0,0.0,0.08,458.64,0,0,0,114.66,6306.28,False,False,True,Paid Search,Website,Credit Card,Delivered,10.0
ORD-20250515-010061,2025-05-15,17:58:45,CMS-F12A59FD,Regular,3.7,Northeast,NJ,Fine Watches,Sport,FIN-SPO-49933,18K White Gold,None,17470.36,1,17470.36,0.0,0.0,0.08,1397.63,0,0,0,349.41,19217.4,False,False,True,Paid Search,Boutique Stores,Financing,Delivered,9.0
ORD-20250917-010062,2025-09-17,21:38:44,CMS-84764750,VIP Elite,13.5,Southeast,FL,Bracelets,Chain,BRA-CHA-72491,18K White Gold,Diamond,7618.89,2,15237.77,0.15,2285.67,0.065,990.46,0,25,0,304.76,14272.32,True,False,True,Organic Search,Boutique Stores,PayPal,Delivered,10.0
ORD-20250224-010063,2025-02-24,19:49:39,CMS-2FF7A931,New,0.2,Southwest,OK,Fine Watches,Dress,FIN-DRE-76095,Stainless Steel,None,11916.6,2,23833.2,0.0,0.0,0.0625,1489.58,0,0,0,476.66,25799.44,False,False,True,Direct,Website,Wire Transfer,Delivered,9.0
ORD-20250602-010064,2025-06-02,14:40:08,CMS-BAEDB748,Premium,3.8,Northeast,CT,Earrings,Huggie,EAR-HUG-23919,14K Gold,None,2727.28,1,2727.28,0.0,0.0,0.08,218.18,0,25,75,0.0,3045.46,True,True,False,Direct,Website,Wire Transfer,Shipped,
ORD-20250917-010065,2025-09-17,21:32:43,CMS-08DDA5E6,Regular,2.0,Southeast,TN,Mens Jewelry,Tie Bars,MEN-TIE-99808,18K White Gold,None,3963.16,1,3963.16,0.0,0.0,0.065,257.61,0,25,0,0.0,4245.77,True,False,False,Organic Search,Boutique Stores,Credit Card,Delivered,7.0
ORD-20250320-010066,2025-03-20,17:30:27,CMS-AEBF1E76,Premium,5.0,West,CA,Engagement Rings,Pavé,ENG-PAV-76036,Platinum,Lab Diamond,39403.41,1,39403.41,0.0,0.0,0.075,2955.26,0,25,0,0.0,42383.67,True,False,False,Organic Search,Website,Credit Card,Delivered,10.0
ORD-20250324-010067,2025-03-24,19:59:32,CMS-D5061CC3,VIP Elite,7.1,West,AZ,Engagement Rings,Three-Stone,ENG-THR-72233,18K Rose Gold,Diamond,26527.47,1,26527.47,0.1,2652.75,0.075,1989.56,0,25,0,530.55,26419.83,True,False,True,Organic Search,Private Appointment,Credit Card,Delivered,10.0
ORD-20251103-010068,2025-11-03,11:07:24,CMS-CBA2A355,VIP Elite,7.4,Southwest,TX,Bracelets,Charm,BRA-CHA-31032,14K Gold,Ruby,13807.68,1,13807.68,0.0,0.0,0.0625,862.98,0,0,0,276.15,14946.81,False,False,True,Email,Website,Financing,Delivered,6.0
ORD-20250615-010069,2025-06-15,09:29:02,CMS-49AF6C4E,Regular,2.3,West,AZ,Wedding Bands,Custom,WED-CUS-38961,18K White Gold,Diamond,4025.94,1,4025.94,0.0,0.0,0.075,301.95,0,0,0,0.0,4327.89,False,False,False,Organic Search,Website,Financing,Delivered,9.0
ORD-20250227-010070,2025-02-27,12:09:28,CMS-4ED839F8,Premium,2.1,Southwest,NM,Necklaces,Choker,NEC-CHO-16476,Sterling Silver,Emerald,4867.25,1,4867.25,0.0,0.0,0.0625,304.2,0,0,0,0.0,5171.45,False,False,False,Organic Search,Private Appointment,Wire Transfer,Delivered,9.0
ORD-20250607-010071,2025-06-07,12:31:22,CMS-7D3ED3E7,Premium,6.0,Northeast,NY,Wedding Bands,Diamond,WED-DIA-48334,Platinum,Diamond,5367.28,1,5367.28,0.0,0.0,0.08,429.38,0,25,0,0.0,5821.66,True,False,False,Social Media,Website,Crypto,Delivered,9.0
ORD-20250210-010072,2025-02-10,14:07:33,CMS-7B21E10F,New,0.4,Northeast,CT,Engagement Rings,Vintage,ENG-VIN-67489,18K White Gold,Diamond,30207.06,1,30207.06,0.0,0.0,0.08,2416.56,0,0,0,604.14,33227.76,False,False,True,Organic Search,Flagship Store,Apple Pay,Delivered,8.0
ORD-20250213-010073,2025-02-13,13:52:44,CMS-8866D39D,VIP Elite,12.5,Southeast,GA,Mens Jewelry,Chains,MEN-CHA-70528,18K White Gold,Onyx,4754.07,1,4754.07,0.0,0.0,0.065,309.01,0,0,75,0.0,5138.08,False,True,False,Social Media,Private Appointment,PayPal,Delivered,9.0
ORD-20250930-010074,2025-09-30,13:57:35,CMS-52660FD5,Regular,3.4,West,WA,Bracelets,Charm,BRA-CHA-79661,Platinum,Sapphire,9970.63,1,9970.63,0.0,0.0,0.075,747.8,0,25,0,0.0,10743.43,True,False,False,Display Ads,Boutique Stores,Financing,Delivered,9.0
ORD-20250306-010075,2025-03-06,18:35:29,CMS-55ADADBA,New,0.0,West,AZ,Engagement Rings,Pavé,ENG-PAV-19268,18K Yellow Gold,Lab Diamond,3920.0,1,3920.0,0.0,0.0,0.075,294.0,0,0,0,0.0,4214.0,False,False,False,Organic Search,Phone/Concierge,Credit Card,Delivered,10.0
ORD-20250326-010076,2025-03-26,19:32:16,CMS-EA117E04,Regular,3.5,Northeast,CT,Engagement Rings,Vintage,ENG-VIN-38279,18K White Gold,Moissanite,22623.78,1,22623.78,0.0,0.0,0.08,1809.9,0,0,0,452.48,24886.16,False,False,True,Email,Boutique Stores,Financing,Delivered,7.0
ORD-20250516-010077,2025-05-16,08:39:29,CMS-CA97F360,Regular,4.5,Southeast,FL,Wedding Bands,Eternity,WED-ETE-66931,14K Gold,Sapphire,3509.47,1,3509.47,0.0,0.0,0.065,228.12,0,25,75,0.0,3837.59,True,True,False,Referral,Boutique Stores,Credit Card,Delivered,7.0
ORD-20251107-010078,2025-11-07,12:19:33,CMS-76C073D8,Regular,3.9,West,OR,Earrings,Hoops,EAR-HOO-52992,18K Yellow Gold,Sapphire,3203.42,2,6406.85,0.0,0.0,0.075,480.51,0,0,0,0.0,6887.36,False,False,False,Paid Search,Phone/Concierge,Credit Card,Delivered,8.0
ORD-20251220-010079,2025-12-20,17:11:12,CMS-9C80C2B5,Occasional,0.2,Southeast,VA,Necklaces,Pendant,NEC-PEN-56183,Platinum,None,4748.97,1,4748.97,0.0,0.0,0.065,308.68,0,0,0,0.0,5057.65,False,False,False,Organic Search,Flagship Store,Wire Transfer,Delivered,7.0
ORD-20250413-010080,2025-04-13,09:19:25,CMS-1019C809,Occasional,0.5,Northeast,NY,Necklaces,Choker,NEC-CHO-66087,Sterling Silver,Emerald,1679.11,1,1679.11,0.0,0.0,0.08,134.33,0,0,0,0.0,1813.44,False,False,False,Social Media,Private Appointment,Wire Transfer,Delivered,6.0
ORD-20251129-010081,2025-11-29,16:19:04,CMS-7F52D05B,Premium,4.0,West,NV,Earrings,Huggie,EAR-HUG-91500,Platinum,Emerald,4444.06,1,4444.06,0.0,0.0,0.075,333.3,0,25,0,0.0,4802.36,True,False,False,Organic Search,Flagship Store,Crypto,Delivered,9.0
ORD-20250711-010082,2025-07-11,13:48:59,CMS-ABB451A1,Regular,1.2,West,NV,Earrings,Huggie,EAR-HUG-34441,Platinum,Pearl,4447.22,1,4447.22,0.0,0.0,0.075,333.54,0,25,75,0.0,4880.76,True,True,False,Paid Search,Website,Financing,Delivered,10.0
ORD-20250922-010083,2025-09-22,16:10:20,CMS-9EB39F49,Occasional,2.1,Midwest,WI,Engagement Rings,Three-Stone,ENG-THR-99298,18K Yellow Gold,Diamond,28265.35,1,28265.35,0.0,0.0,0.07,1978.57,0,0,0,0.0,30243.92,False,False,False,Email,Website,Financing,Delivered,10.0
ORD-20250507-010084,2025-05-07,11:49:38,CMS-A41B7C18,New,0.2,West,AZ,Gifts & Accessories,Care Kit,GIF-CAR-19532,N/A,N/A,734.68,1,734.68,0.0,0.0,0.075,55.1,25,0,75,0.0,889.78,False,True,False,Paid Search,Flagship Store,Credit Card,Returned,5.0
ORD-20250623-010085,2025-06-23,16:28:35,CMS-E5A55CA0,VIP Elite,6.7,West,WA,Engagement Rings,Solitaire,ENG-SOL-39404,18K Yellow Gold,Diamond,18355.68,1,18355.68,0.0,0.0,0.075,1376.68,0,0,0,367.11,20099.47,True,False,True,Email,Website,Credit Card,Delivered,10.0
ORD-20251011-010086,2025-10-11,20:45:18,CMS-57577A97,Regular,1.8,West,NV,Wedding Bands,Custom,WED-CUS-26758,18K Yellow Gold,None,2614.48,1,2614.48,0.0,0.0,0.075,196.09,0,0,0,0.0,2810.57,False,False,False,Direct,Website,Credit Card,Delivered,10.0
ORD-20250423-010087,2025-04-23,09:46:58,CMS-8D9FC230,Occasional,3.0,West,OR,Wedding Bands,Classic,WED-CLA-40068,18K Yellow Gold,Diamond,4779.24,1,4779.24,0.0,0.0,0.075,358.44,0,0,0,0.0,5137.68,False,False,False,Paid Search,Website,Credit Card,Delivered,10.0
ORD-20251229-010088,2025-12-29,16:48:09,CMS-93136755,VIP Elite,14.3,Southeast,TN,Earrings,Chandelier,EAR-CHA-39424,18K White Gold,Emerald,8038.45,1,8038.45,0.0,0.0,0.065,522.5,0,0,0,160.77,8721.72,False,False,True,Email,Boutique Stores,Financing,Delivered,8.0
ORD-20250428-010089,2025-04-28,17:31:02,CMS-66DE7464,Premium,5.8,Northeast,PA,Earrings,Chandelier,EAR-CHA-84016,18K Yellow Gold,Emerald,3805.79,1,3805.79,0.0,0.0,0.08,304.46,0,0,0,0.0,4110.25,False,False,False,Referral,Boutique Stores,Apple Pay,Delivered,7.0
ORD-20250206-010090,2025-02-06,15:04:00,CMS-589EA909,Premium,6.8,Midwest,IL,Mens Jewelry,Bracelets,MEN-BRA-70834,14K Gold,None,4549.86,1,4549.86,0.0,0.0,0.07,318.49,0,0,0,0.0,4868.35,False,False,False,Paid Search,Phone/Concierge,Wire Transfer,Delivered,10.0
ORD-20250921-010091,2025-09-21,19:14:22,CMS-933E343D,Premium,7.6,Northeast,MA,Mens Jewelry,Tie Bars,MEN-TIE-70603,Platinum,Onyx,3695.07,1,3695.07,0.0,0.0,0.08,295.61,0,0,0,0.0,3990.68,False,False,False,Paid Search,Website,Wire Transfer,Delivered,7.0
ORD-20251209-010092,2025-12-09,19:23:54,CMS-AB35C90C,Regular,2.2,West,OR,Necklaces,Pendant,NEC-PEN-31539,Sterling Silver,Sapphire,8180.29,2,16360.58,0.0,0.0,0.075,1227.04,0,25,75,327.21,18014.83,True,True,True,Direct,Website,Credit Card,Delivered,9.0
ORD-20251004-010093,2025-10-04,08:19:09,CMS-A2A98BFC,New,0.4,Southeast,FL,Gifts & Accessories,Jewelry Box,GIF-JEW-71632,N/A,N/A,670.17,1,670.17,0.15,100.53,0.065,43.56,25,25,0,0.0,663.2,True,False,False,Social Media,Phone/Concierge,Credit Card,Delivered,10.0
ORD-20251020-010094,2025-10-20,11:00:50,CMS-383691E5,New,0.7,Southeast,NC,Gifts & Accessories,Ring Holder,GIF-RIN-55326,N/A,N/A,808.14,1,808.14,0.0,0.0,0.065,52.53,25,0,0,0.0,885.67,False,False,False,Display Ads,Website,Credit Card,Shipped,
ORD-20250505-010095,2025-05-05,14:33:08,CMS-20F3D998,Occasional,0.7,Southeast,FL,Engagement Rings,Solitaire,ENG-SOL-76367,18K Rose Gold,Moissanite,11096.57,1,11096.57,0.0,0.0,0.065,721.28,0,0,0,0.0,11817.85,False,False,False,Organic Search,Website,Credit Card,Delivered,7.0
ORD-20250728-010096,2025-07-28,22:35:54,CMS-4086B9FA,Regular,1.2,Midwest,IL,Earrings,Drop,EAR-DRO-36639,14K Gold,Pearl,1789.55,1,1789.55,0.0,0.0,0.07,125.27,0,0,0,0.0,1914.82,False,False,False,Paid Search,Website,Credit Card,Delivered,9.0
ORD-20250219-010097,2025-02-19,08:49:47,CMS-5993D62A,Occasional,2.0,International,INT,Earrings,Hoops,EAR-HOO-51762,18K Yellow Gold,Sapphire,3882.29,1,3882.29,0.0,0.0,0.0,0.0,0,0,0,0.0,3882.29,False,False,False,Direct,Website,Credit Card,Delivered,8.0
ORD-20250701-010098,2025-07-01,17:46:33,CMS-DCD821B0,Occasional,2.2,West,AZ,Gifts & Accessories,Travel Case,GIF-TRA-13228,N/A,N/A,1046.0,1,1046.0,0.0,0.0,0.075,78.45,0,0,0,0.0,1124.45,False,False,False,Organic Search,Phone/Concierge,Credit Card,Delivered,8.0
ORD-20250128-010099,2025-01-28,14:33:15,CMS-8214761F,Regular,1.5,International,INT,Mens Jewelry,Rings,MEN-RIN-95339,18K White Gold,Diamond,2646.76,1,2646.76,0.0,0.0,0.0,0.0,0,0,0,0.0,2646.76,False,False,False,Direct,Website,Apple Pay,Delivered,6.0
ORD-20251211-010100,2025-12-11,09:03:15,CMS-75021292,Regular,1.4,Southeast,NC,Engagement Rings,Vintage,ENG-VIN-76701,Platinum,Diamond,13339.86,1,13339.86,0.0,0.0,0.065,867.09,0,0,0,266.8,14473.75,False,False,True,Referral,Boutique Stores,Credit Card,Shipped,
ORD-20251127-010101,2025-11-27,22:13:08,CMS-53E3A716,VIP Elite,13.7,Midwest,IL,Necklaces,Choker,NEC-CHO-46576,Sterling Silver,Ruby,4553.32,1,4553.32,0.0,0.0,0.07,318.73,0,0,0,0.0,4872.05,False,False,False,Social Media,Website,Wire Transfer,Shipped,
ORD-20250225-010102,2025-02-25,14:07:34,CMS-57F3C6D4,New,0.3,Midwest,OH,Engagement Rings,Vintage,ENG-VIN-47550,18K Rose Gold,Diamond,11344.51,1,11344.51,0.0,0.0,0.07,794.12,0,0,0,226.89,12365.52,False,False,True,Email,Flagship Store,Wire Transfer,Delivered,9.0
ORD-20250508-010103,2025-05-08,22:25:56,CMS-8287C4BE,Premium,5.9,West,WA,Bracelets,Bangle,BRA-BAN-57983,18K White Gold,Diamond,5122.53,1,5122.53,0.0,0.0,0.075,384.19,0,0,0,102.45,5609.17,False,False,True,Email,Flagship Store,Credit Card,Delivered,10.0
ORD-20251002-010104,2025-10-02,14:42:16,CMS-7A6CF796,Premium,5.7,West,CA,Fine Watches,Diamond,FIN-DIA-58087,Stainless Steel,None,19818.9,1,19818.9,0.05,990.95,0.075,1486.42,0,25,0,396.38,20735.75,True,False,True,Direct,Website,Credit Card,Delivered,8.0
ORD-20250805-010105,2025-08-05,09:48:24,CMS-F15FD19A,Premium,3.7,Northeast,CT,Earrings,Drop,EAR-DRO-45640,14K Gold,Pearl,4575.71,1,4575.71,0.0,0.0,0.08,366.06,0,0,0,0.0,4941.77,False,False,False,Direct,Private Appointment,Credit Card,Shipped,
ORD-20250825-010106,2025-08-25,15:55:40,CMS-79BA5A32,VIP Elite,6.3,Northeast,PA,Wedding Bands,Classic,WED-CLA-68994,Platinum,Diamond,7539.09,1,7539.09,0.1,753.91,0.08,603.13,0,0,0,150.78,7539.09,False,False,True,Direct,Website,Financing,Delivered,10.0
ORD-20250208-010107,2025-02-08,08:56:27,CMS-59B874E0,Regular,3.0,Northeast,NY,Wedding Bands,Diamond,WED-DIA-49528,18K White Gold,Diamond,8628.18,1,8628.18,0.1,862.82,0.08,690.25,0,0,0,172.56,8628.17,False,False,True,Organic Search,Website,Wire Transfer,Delivered,10.0
ORD-20251009-010108,2025-10-09,10:04:11,CMS-43253CEF,New,0.2,Northeast,NJ,Earrings,Chandelier,EAR-CHA-94369,14K Gold,Pearl,3788.69,1,3788.69,0.0,0.0,0.08,303.1,0,25,0,0.0,4116.79,True,False,False,Affiliate,Phone/Concierge,Apple Pay,Delivered,9.0
ORD-20250108-010109,2025-01-08,14:55:15,CMS-4BC4EBB6,VIP Elite,7.3,International,INT,Gifts & Accessories,Ring Holder,GIF-RIN-39594,N/A,N/A,2127.0,1,2127.0,0.0,0.0,0.0,0.0,0,0,75,0.0,2202.0,False,True,False,Direct,Website,Financing,Delivered,9.0
ORD-20250217-010110,2025-02-17,20:10:57,CMS-D500FD0F,New,0.1,Midwest,MI,Mens Jewelry,Chains,MEN-CHA-69861,Platinum,Diamond,2373.96,1,2373.96,0.0,0.0,0.07,166.18,0,0,0,0.0,2540.14,False,False,False,Organic Search,Website,Credit Card,Delivered,6.0
ORD-20250502-010111,2025-05-02,11:57:15,CMS-0D86FBDD,Regular,2.4,Southeast,NC,Engagement Rings,Three-Stone,ENG-THR-42599,18K Yellow Gold,Diamond,5746.92,1,5746.92,0.0,0.0,0.065,373.55,0,0,75,0.0,6195.47,False,True,False,Direct,Flagship Store,Apple Pay,Delivered,8.0
ORD-20250906-010112,2025-09-06,12:00:50,CMS-FA2BB637,Premium,5.7,West,AZ,Gifts & Accessories,Gift Card,GIF-GIF-58550,N/A,N/A,1342.1,1,1342.1,0.1,134.21,0.075,100.66,0,0,0,0.0,1308.55,False,False,False,Direct,Flagship Store,PayPal,Shipped,
ORD-20250326-010113,2025-03-26,17:33:57,CMS-2E14706E,Premium,5.0,Midwest,WI,Mens Jewelry,Tie Bars,MEN-TIE-58082,Sterling Silver,Onyx,3627.62,3,10882.85,0.0,0.0,0.07,761.8,0,0,0,0.0,11644.65,False,False,False,Paid Search,Website,Credit Card,Delivered,10.0
ORD-20250714-010114,2025-07-14,21:34:35,CMS-175E9308,Occasional,3.0,Southwest,OK,Wedding Bands,Milgrain,WED-MIL-13574,14K Gold,None,10362.58,1,10362.58,0.0,0.0,0.0625,647.66,0,0,0,207.25,11217.49,False,False,True,Direct,Website,Financing,Delivered,9.0
ORD-20250719-010115,2025-07-19,12:38:25,CMS-4C76A910,Premium,4.2,Northeast,PA,Engagement Rings,Solitaire,ENG-SOL-77955,18K Rose Gold,Diamond,18166.0,1,18166.0,0.0,0.0,0.08,1453.28,0,0,75,0.0,19694.28,False,True,False,Paid Search,Boutique Stores,Credit Card,Delivered,10.0
ORD-20250821-010116,2025-08-21,13:37:22,CMS-D7529BDE,Regular,3.6,Southwest,CO,Necklaces,Statement,NEC-STA-89923,18K Yellow Gold,Emerald,5860.18,1,5860.18,0.0,0.0,0.0625,366.26,0,25,0,0.0,6251.44,True,False,False,Paid Search,Website,PayPal,Delivered,5.0
ORD-20251223-010117,2025-12-23,20:23:42,CMS-417D83FB,Regular,1.3,Midwest,IL,Mens Jewelry,Rings,MEN-RIN-91902,Platinum,Diamond,2594.58,1,2594.58,0.0,0.0,0.07,181.62,0,0,75,0.0,2851.2,False,True,False,Social Media,Flagship Store,Apple Pay,Delivered,9.0
ORD-20251012-010118,2025-10-12,21:23:09,CMS-C2C7FFBE,Regular,1.9,Southeast,TN,Wedding Bands,Eternity,WED-ETE-16408,14K Gold,None,1873.12,2,3746.23,0.0,0.0,0.065,243.5,0,0,0,0.0,3989.73,True,False,False,Email,Boutique Stores,Financing,Delivered,10.0
ORD-20250907-010119,2025-09-07,17:30:22,CMS-1A40F3CB,Occasional,0.4,Midwest,OH,Necklaces,Statement,NEC-STA-83237,Sterling Silver,Emerald,8032.19,1,8032.19,0.0,0.0,0.07,562.25,0,0,0,0.0,8594.44,False,False,False,Affiliate,Phone/Concierge,Credit Card,Delivered,10.0
ORD-20250601-010120,2025-06-01,19:21:47,CMS-C976BD56,Regular,4.0,West,CA,Gifts & Accessories,Jewelry Box,GIF-JEW-28597,N/A,N/A,1485.53,1,1485.53,0.0,0.0,0.075,111.41,0,0,0,0.0,1596.94,False,False,False,Organic Search,Website,Financing,Delivered,10.0
ORD-20251005-010121,2025-10-05,08:05:40,CMS-C4E7BC31,Premium,6.2,West,AZ,Necklaces,Pendant,NEC-PEN-28844,Sterling Silver,Emerald,9980.21,2,19960.42,0.0,0.0,0.075,1497.03,0,25,0,0.0,21482.45,True,False,False,Social Media,Flagship Store,Wire Transfer,Delivered,10.0
ORD-20250201-010122,2025-02-01,17:47:05,CMS-B353163A,Premium,2.4,Southeast,GA,Necklaces,Choker,NEC-CHO-70870,14K Gold,Pearl,4264.8,1,4264.8,0.0,0.0,0.065,277.21,0,0,0,0.0,4542.01,False,False,False,Paid Search,Phone/Concierge,Credit Card,Delivered,10.0
ORD-20250130-010123,2025-01-30,22:21:50,CMS-5CE7DF80,Regular,4.8,Southeast,VA,Necklaces,Choker,NEC-CHO-46331,18K White Gold,Emerald,10163.51,1,10163.51,0.0,0.0,0.065,660.63,0,0,0,0.0,10824.14,False,False,False,Social Media,Private Appointment,PayPal,Delivered,9.0
ORD-20250902-010124,2025-09-02,08:56:30,CMS-6090EA4A,Premium,5.9,West,AZ,Mens Jewelry,Chains,MEN-CHA-46724,Platinum,Onyx,1746.37,1,1746.37,0.0,0.0,0.075,130.98,0,0,0,0.0,1877.35,False,False,False,Organic Search,Flagship Store,Financing,Delivered,7.0
ORD-20250929-010125,2025-09-29,14:43:59,CMS-C1714160,New,0.9,Midwest,OH,Wedding Bands,Diamond,WED-DIA-19389,Platinum,Diamond,4205.43,1,4205.43,0.0,0.0,0.07,294.38,0,0,0,0.0,4499.81,True,False,False,Social Media,Website,Wire Transfer,Delivered,8.0
ORD-20250918-010126,2025-09-18,22:06:24,CMS-18FF0532,VIP Elite,7.7,Northeast,CT,Bracelets,Cuff,BRA-CUF-85100,18K White Gold,Sapphire,24995.26,1,24995.26,0.0,0.0,0.08,1999.62,0,0,0,0.0,26994.88,False,False,False,Organic Search,Website,Crypto,Delivered,10.0
ORD-20250406-010127,2025-04-06,17:55:23,CMS-0C7D0722,Regular,2.5,Southeast,NC,Engagement Rings,Three-Stone,ENG-THR-67521,Platinum,Diamond,9141.11,1,9141.11,0.0,0.0,0.065,594.17,0,0,75,0.0,9810.28,False,True,False,Social Media,Flagship Store,Apple Pay,Delivered,8.0
ORD-20250204-010128,2025-02-04,14:57:49,CMS-49AB38CA,Occasional,2.6,West,OR,Fine Watches,Limited Edition,FIN-LIM-98487,Stainless Steel,Diamond,15053.08,1,15053.08,0.0,0.0,0.075,1128.98,0,0,0,301.06,16483.12,False,False,True,Organic Search,Boutique Stores,Apple Pay,Delivered,9.0
ORD-20250501-010129,2025-05-01,14:53:43,CMS-30238395,Premium,4.9,Midwest,MN,Fine Watches,Classic,FIN-CLA-29879,18K White Gold,None,31112.21,1,31112.21,0.05,1555.61,0.07,2177.85,0,0,0,622.24,32356.69,False,False,True,Direct,Website,Credit Card,Delivered,10.0
ORD-20251019-010130,2025-10-19,18:03:38,CMS-701291D7,Premium,6.5,West,WA,Earrings,Chandelier,EAR-CHA-14441,18K Yellow Gold,Diamond,3856.14,1,3856.14,0.15,578.42,0.075,289.21,0,0,0,0.0,3566.93,False,False,False,Referral,Website,Credit Card,Delivered,10.0
ORD-20251101-010131,2025-11-01,08:51:34,CMS-88000011,Premium,6.9,Midwest,WI,Fine Watches,Diamond,FIN-DIA-77490,Stainless Steel,Diamond,13632.3,1,13632.3,0.0,0.0,0.07,954.26,0,0,75,272.65,14934.21,False,True,True,Paid Search,Website,Credit Card,Delivered,7.0
ORD-20250211-010132,2025-02-11,21:29:34,CMS-4AFB0796,Premium,4.4,Northeast,MA,Engagement Rings,Halo,ENG-HAL-46237,18K Rose Gold,Lab Diamond,20697.52,1,20697.52,0.0,0.0,0.08,1655.8,0,0,0,413.95,22767.27,False,False,True,Display Ads,Phone/Concierge,Financing,Delivered,10.0
ORD-20251026-010133,2025-10-26,21:54:48,CMS-B35CA22F,Premium,3.3,West,CA,Mens Jewelry,Cufflinks,MEN-CUF-89558,18K White Gold,Onyx,2069.5,2,4139.01,0.0,0.0,0.075,310.43,0,0,0,0.0,4449.44,False,False,False,Organic Search,Phone/Concierge,Credit Card,Delivered,10.0
ORD-20250415-010134,2025-04-15,17:29:08,CMS-691DCB1D,Premium,2.8,West,NV,Fine Watches,Classic,FIN-CLA-19111,Platinum,Diamond,37508.61,1,37508.61,0.0,0.0,0.075,2813.15,0,0,0,0.0,40321.76,False,False,False,Organic Search,Website,Wire Transfer,Delivered,8.0
ORD-20251209-010135,2025-12-09,17:59:58,CMS-19F01591,Premium,5.0,Northeast,NJ,Earrings,Drop,EAR-DRO-42210,Platinum,Emerald,3132.06,1,3132.06,0.1,313.21,0.08,250.56,0,0,0,0.0,3069.41,False,False,False,Paid Search,Private Appointment,Crypto,Delivered,10.0
ORD-20250503-010136,2025-05-03,20:53:50,CMS-7BD9C160,Occasional,0.7,Southwest,NM,Gifts & Accessories,Care Kit,GIF-CAR-76214,N/A,N/A,1992.54,1,1992.54,0.0,0.0,0.0625,124.53,0,0,0,0.0,2117.07,False,False,False,Organic Search,Website,Wire Transfer,Delivered,5.0
ORD-20250603-010137,2025-06-03,20:55:31,CMS-F9D0851D,Occasional,1.3,Northeast,MA,Earrings,Chandelier,EAR-CHA-39403,Platinum,Emerald,2263.1,1,2263.1,0.0,0.0,0.08,181.05,0,0,0,0.0,2444.15,False,False,False,Social Media,Flagship Store,Apple Pay,Delivered,8.0
ORD-20250823-010138,2025-08-23,11:20:14,CMS-EDFA4753,Occasional,0.4,Northeast,MA,Engagement Rings,Pavé,ENG-PAV-26054,Platinum,Lab Diamond,11492.09,1,11492.09,0.0,0.0,0.08,919.37,0,0,75,229.84,12716.3,False,True,True,Direct,Boutique Stores,Credit Card,Delivered,9.0
ORD-20250207-010139,2025-02-07,14:08:45,CMS-D862C70B,VIP Elite,14.6,Southeast,NC,Bracelets,Tennis,BRA-TEN-67884,14K Gold,Diamond,12556.24,3,37668.71,0.0,0.0,0.065,2448.47,0,0,0,753.37,40870.55,False,False,True,Organic Search,Boutique Stores,Financing,Delivered,8.0
ORD-20250221-010140,2025-02-21,19:46:37,CMS-08B25AA9,Premium,3.7,International,INT,Wedding Bands,Custom,WED-CUS-67125,18K White Gold,None,2421.02,1,2421.02,0.0,0.0,0.0,0.0,0,0,0,0.0,2421.02,False,False,False,Organic Search,Phone/Concierge,Credit Card,Delivered,9.0
ORD-20250207-010141,2025-02-07,20:24:05,CMS-A4602E89,Premium,4.2,Northeast,CT,Wedding Bands,Milgrain,WED-MIL-64109,14K Gold,Sapphire,5019.62,1,5019.62,0.0,0.0,0.08,401.57,0,0,0,100.39,5521.58,True,False,True,Direct,Flagship Store,Credit Card,Delivered,8.0
ORD-20250917-010142,2025-09-17,18:08:40,CMS-C97D6DAE,Regular,1.6,Southwest,OK,Bracelets,Cuff,BRA-CUF-76442,18K Yellow Gold,Ruby,8766.12,1,8766.12,0.0,0.0,0.0625,547.88,0,0,0,0.0,9314.0,True,False,False,Paid Search,Website,PayPal,Delivered,9.0
ORD-20250506-010143,2025-05-06,08:38:52,CMS-F286E007,Premium,7.4,West,AZ,Wedding Bands,Eternity,WED-ETE-38784,14K Gold,Sapphire,2005.47,1,2005.47,0.0,0.0,0.075,150.41,0,25,0,0.0,2180.88,True,False,False,Paid Search,Website,Credit Card,Delivered,9.0
ORD-20250709-010144,2025-07-09,22:55:15,CMS-6BC49D1C,VIP Elite,8.4,Midwest,IL,Wedding Bands,Custom,WED-CUS-50675,14K Gold,Sapphire,6755.74,1,6755.74,0.0,0.0,0.07,472.9,0,0,0,0.0,7228.64,True,False,False,Email,Private Appointment,Credit Card,Delivered,8.0
ORD-20251227-010145,2025-12-27,22:55:54,CMS-F496B13B,Regular,3.8,West,OR,Wedding Bands,Diamond,WED-DIA-41717,18K White Gold,Diamond,3826.24,1,3826.24,0.0,0.0,0.075,286.97,0,0,0,0.0,4113.21,False,False,False,Organic Search,Website,Crypto,Delivered,5.0
ORD-20250604-010146,2025-06-04,19:55:14,CMS-B3385637,VIP Elite,9.0,Northeast,CT,Gifts & Accessories,Ring Holder,GIF-RIN-79947,N/A,N/A,2764.48,1,2764.48,0.05,138.22,0.08,221.16,0,0,0,0.0,2847.42,False,False,False,Email,Flagship Store,Credit Card,Delivered,10.0
ORD-20251201-010147,2025-12-01,15:28:47,CMS-AAD23DD9,VIP Elite,13.3,Midwest,WI,Earrings,Chandelier,EAR-CHA-63643,Platinum,Sapphire,3674.37,1,3674.37,0.1,367.44,0.07,257.21,0,25,75,0.0,3664.14,True,True,False,Social Media,Phone/Concierge,Wire Transfer,Delivered,10.0
ORD-20251208-010148,2025-12-08,09:48:55,CMS-C01EB786,Regular,2.0,West,OR,Gifts & Accessories,Gift Card,GIF-GIF-90485,N/A,N/A,527.06,1,527.06,0.0,0.0,0.075,39.53,25,25,0,0.0,616.59,True,False,False,Affiliate,Website,Credit Card,Delivered,8.0
ORD-20250223-010149,2025-02-23,13:38:46,CMS-2EE2B71A,Occasional,1.9,West,CA,Wedding Bands,Custom,WED-CUS-11804,18K White Gold,None,3925.72,1,3925.72,0.0,0.0,0.075,294.43,0,0,0,0.0,4220.15,False,False,False,Organic Search,Boutique Stores,Apple Pay,Delivered,9.0
ORD-20250310-010150,2025-03-10,22:49:28,CMS-E5F5A940,Regular,1.6,Southwest,CO,Wedding Bands,Eternity,WED-ETE-43772,14K Gold,Diamond,3897.88,1,3897.88,0.0,0.0,0.0625,243.62,0,0,0,0.0,4141.5,False,False,False,Organic Search,Boutique Stores,Financing,Shipped,
ORD-20250224-010151,2025-02-24,14:44:56,CMS-E606763B,Premium,7.2,International,INT,Earrings,Drop,EAR-DRO-89005,Platinum,Emerald,5621.81,1,5621.81,0.0,0.0,0.0,0.0,0,0,0,0.0,5621.81,False,False,False,Direct,Website,Credit Card,Delivered,9.0
ORD-20250321-010152,2025-03-21,09:32:53,CMS-A6EC3950,Regular,2.0,West,NV,Wedding Bands,Classic,WED-CLA-83847,18K White Gold,Sapphire,3995.48,1,3995.48,0.0,0.0,0.075,299.66,0,0,75,0.0,4370.14,False,True,False,Paid Search,Website,Credit Card,Delivered,9.0
ORD-20251106-010153,2025-11-06,13:30:27,CMS-C9AE486D,Regular,2.8,Southeast,TN,Mens Jewelry,Tie Bars,MEN-TIE-93824,18K Yellow Gold,Onyx,1879.06,1,1879.06,0.0,0.0,0.065,122.14,0,0,0,0.0,2001.2,False,False,False,Affiliate,Boutique Stores,PayPal,Delivered,10.0
ORD-20250625-010154,2025-06-25,18:35:08,CMS-BB3935A1,Premium,6.1,West,NV,Earrings,Hoops,EAR-HOO-31488,14K Gold,Emerald,5570.77,1,5570.77,0.0,0.0,0.075,417.81,0,0,0,0.0,5988.58,False,False,False,Organic Search,Boutique Stores,Financing,Delivered,6.0
ORD-20251121-010155,2025-11-21,22:59:46,CMS-F7A5304E,Premium,5.3,Northeast,NJ,Engagement Rings,Vintage,ENG-VIN-23569,18K Yellow Gold,Lab Diamond,23156.34,1,23156.34,0.1,2315.63,0.08,1852.51,0,25,0,463.13,23181.35,True,False,True,Direct,Boutique Stores,PayPal,Shipped,
ORD-20250916-010156,2025-09-16,21:24:42,CMS-3F259857,New,0.2,Southwest,NM,Wedding Bands,Classic,WED-CLA-74909,14K Gold,Sapphire,2194.1,1,2194.1,0.0,0.0,0.0625,137.13,0,0,0,0.0,2331.23,False,False,False,Display Ads,Website,Credit Card,Processing,
ORD-20250127-010157,2025-01-27,09:53:16,CMS-EF4C5D9F,Premium,4.1,Southeast,FL,Necklaces,Layering,NEC-LAY-56863,18K Yellow Gold,Pearl,17081.15,1,17081.15,0.0,0.0,0.065,1110.27,0,0,0,341.62,18533.04,False,False,True,Referral,Boutique Stores,Credit Card,Delivered,9.0
ORD-20250123-010158,2025-01-23,19:04:56,CMS-1054E41E,Occasional,0.6,Northeast,NJ,Earrings,Hoops,EAR-HOO-19976,18K Yellow Gold,Pearl,4243.04,2,8486.08,0.0,0.0,0.08,678.89,0,25,0,169.72,9359.69,True,False,True,Organic Search,Website,Apple Pay,Delivered,9.0
ORD-20250102-010159,2025-01-02,16:34:53,CMS-1C1F28D5,New,0.8,West,OR,Engagement Rings,Vintage,ENG-VIN-52166,18K White Gold,Lab Diamond,7716.84,1,7716.84,0.1,771.68,0.075,578.76,0,0,0,154.34,7678.26,False,False,True,Organic Search,Boutique Stores,Credit Card,Delivered,10.0
ORD-20250515-010160,2025-05-15,21:32:09,CMS-6B93D0EF,Premium,3.0,West,AZ,Engagement Rings,Vintage,ENG-VIN-11477,18K Rose Gold,Moissanite,27771.47,1,27771.47,0.0,0.0,0.075,2082.86,0,0,0,555.43,30409.76,False,False,True,Referral,Website,Wire Transfer,Delivered,8.0
ORD-20251010-010161,2025-10-10,12:08:48,CMS-0941ADC5,New,0.8,Northeast,NY,Mens Jewelry,Bracelets,MEN-BRA-40515,14K Gold,Diamond,1513.53,1,1513.53,0.2,302.71,0.08,121.08,0,0,0,0.0,1331.9,False,False,False,Organic Search,Boutique Stores,PayPal,Delivered,9.0
ORD-20251228-010162,2025-12-28,21:52:30,CMS-A3E43652,Regular,1.8,Northeast,NJ,Fine Watches,Dress,FIN-DRE-50828,Two-Tone,Diamond,32905.33,1,32905.33,0.0,0.0,0.08,2632.43,0,0,0,658.11,36195.87,True,False,True,Paid Search,Website,Credit Card,Delivered,10.0
ORD-20250105-010163,2025-01-05,08:02:12,CMS-D2C9FE5F,Premium,5.8,West,AZ,Gifts & Accessories,Gift Card,GIF-GIF-75131,N/A,N/A,2427.31,1,2427.31,0.0,0.0,0.075,182.05,0,0,0,0.0,2609.36,False,False,False,Paid Search,Website,Credit Card,Delivered,9.0
ORD-20251220-010164,2025-12-20,21:25:31,CMS-5FFFD34B,New,0.4,Midwest,OH,Engagement Rings,Solitaire,ENG-SOL-31127,Platinum,Lab Diamond,9287.94,1,9287.94,0.0,0.0,0.07,650.16,0,0,0,185.76,10123.86,False,False,True,Organic Search,Website,Financing,Delivered,8.0
ORD-20251007-010165,2025-10-07,21:39:28,CMS-EBD83293,VIP Elite,12.0,Southeast,TN,Earrings,Hoops,EAR-HOO-36442,18K White Gold,Pearl,11040.24,1,11040.24,0.0,0.0,0.065,717.62,0,25,0,220.8,12003.66,True,False,True,Social Media,Flagship Store,Credit Card,Delivered,8.0
ORD-20250317-010166,2025-03-17,15:39:57,CMS-8BF3F860,Regular,4.1,Northeast,NY,Bracelets,Bangle,BRA-BAN-63601,18K Yellow Gold,Sapphire,5605.31,1,5605.31,0.0,0.0,0.08,448.42,0,0,0,112.11,6165.84,False,False,True,Email,Private Appointment,Credit Card,Delivered,9.0
ORD-20250809-010167,2025-08-09,09:09:10,CMS-7D7DA6DA,New,0.9,Southwest,TX,Wedding Bands,Milgrain,WED-MIL-39509,18K White Gold,None,4730.25,1,4730.25,0.0,0.0,0.0625,295.64,0,0,0,0.0,5025.89,False,False,False,Organic Search,Private Appointment,PayPal,Delivered,8.0
ORD-20250607-010168,2025-06-07,22:13:49,CMS-48C6CF74,Regular,2.8,International,INT,Necklaces,Chain,NEC-CHA-62337,18K White Gold,None,13011.1,1,13011.1,0.0,0.0,0.0,0.0,0,0,75,0.0,13086.1,False,True,False,Paid Search,Flagship Store,Wire Transfer,Delivered,6.0
ORD-20250418-010169,2025-04-18,14:23:09,CMS-3282C6BB,Premium,4.0,Midwest,MN,Wedding Bands,Diamond,WED-DIA-82532,18K Yellow Gold,Sapphire,3962.72,1,3962.72,0.0,0.0,0.07,277.39,0,0,0,0.0,4240.11,False,False,False,Email,Website,Apple Pay,Delivered,7.0
ORD-20251216-010170,2025-12-16,19:02:10,CMS-F1BA85F6,Regular,3.3,Southeast,FL,Fine Watches,Diamond,FIN-DIA-60848,18K Yellow Gold,Diamond,15229.34,3,45688.03,0.0,0.0,0.065,2969.72,0,0,0,913.76,49571.51,False,False,True,Display Ads,Phone/Concierge,Crypto,Delivered,9.0
ORD-20250222-010171,2025-02-22,16:52:39,CMS-C8272548,Occasional,2.4,Midwest,WI,Earrings,Drop,EAR-DRO-12571,18K White Gold,None,2146.0,1,2146.0,0.0,0.0,0.07,150.22,0,0,0,0.0,2296.22,False,False,False,Social Media,Website,Apple Pay,Delivered,6.0
ORD-20250728-010172,2025-07-28,09:48:57,CMS-3813C29B,Occasional,3.0,Midwest,WI,Earrings,Drop,EAR-DRO-89832,Platinum,Diamond,2226.56,1,2226.56,0.0,0.0,0.07,155.86,0,25,75,0.0,2482.42,True,True,False,Paid Search,Website,Credit Card,Delivered,8.0
ORD-20251114-010173,2025-11-14,11:28:50,CMS-2A8B5087,Premium,2.6,Northeast,NY,Gifts & Accessories,Gift Card,GIF-GIF-22925,N/A,N/A,1308.58,1,1308.58,0.05,65.43,0.08,104.69,0,0,0,0.0,1347.84,False,False,False,Paid Search,Private Appointment,Credit Card,Delivered,7.0
ORD-20250401-010174,2025-04-01,11:42:36,CMS-0E22F156,Regular,3.0,Southwest,NM,Earrings,Chandelier,EAR-CHA-95669,18K White Gold,Emerald,4411.87,1,4411.87,0.0,0.0,0.0625,275.74,0,0,0,0.0,4687.61,False,False,False,Referral,Boutique Stores,PayPal,Returned,5.0
ORD-20250731-010175,2025-07-31,12:44:38,CMS-70B330C8,Regular,1.4,West,WA,Bracelets,Chain,BRA-CHA-71711,14K Gold,Sapphire,5236.57,1,5236.57,0.0,0.0,0.075,392.74,0,0,0,104.73,5734.04,False,False,True,Direct,Website,Financing,Delivered,10.0
ORD-20250620-010176,2025-06-20,16:00:57,CMS-8439F5DE,VIP Elite,10.2,West,CA,Mens Jewelry,Rings,MEN-RIN-48456,18K White Gold,Diamond,7319.25,1,7319.25,0.0,0.0,0.075,548.94,0,0,0,146.38,8014.57,True,False,True,Organic Search,Flagship Store,Credit Card,Delivered,10.0
ORD-20250508-010177,2025-05-08,10:49:12,CMS-CA2195B1,New,0.6,Northeast,NJ,Engagement Rings,Solitaire,ENG-SOL-83785,Platinum,Diamond,14091.31,2,28182.63,0.0,0.0,0.08,2254.61,0,0,0,563.65,31000.89,False,False,True,Paid Search,Boutique Stores,Credit Card,Delivered,10.0
ORD-20250517-010178,2025-05-17,16:55:54,CMS-64590D15,VIP Elite,9.9,Midwest,WI,Bracelets,Chain,BRA-CHA-69150,Platinum,Diamond,17291.67,1,17291.67,0.0,0.0,0.07,1210.42,0,0,0,0.0,18502.09,False,False,False,Direct,Phone/Concierge,Apple Pay,Delivered,9.0
ORD-20251226-010179,2025-12-26,19:32:48,CMS-A9E59B70,VIP Elite,14.8,Midwest,MI,Engagement Rings,Pavé,ENG-PAV-52332,Platinum,Diamond,24091.47,1,24091.47,0.0,0.0,0.07,1686.4,0,0,0,481.83,26259.7,False,False,True,Social Media,Website,PayPal,Delivered,7.0
ORD-20250424-010180,2025-04-24,20:54:14,CMS-9A5208F9,Occasional,1.6,Northeast,CT,Gifts & Accessories,Care Kit,GIF-CAR-78715,N/A,N/A,3577.0,1,3577.0,0.1,357.7,0.08,286.16,0,25,0,0.0,3530.46,True,False,False,Organic Search,Website,Apple Pay,Shipped,
ORD-20250824-010181,2025-08-24,12:38:50,CMS-AD807203,Premium,3.4,West,AZ,Bracelets,Cuff,BRA-CUF-54375,Platinum,Sapphire,8313.15,1,8313.15,0.0,0.0,0.075,623.49,0,0,0,166.26,9102.9,False,False,True,Paid Search,Phone/Concierge,Apple Pay,Delivered,9.0
ORD-20250629-010182,2025-06-29,14:27:59,CMS-E4F37B9E,Regular,4.2,Northeast,PA,Bracelets,Bangle,BRA-BAN-76836,Platinum,Ruby,2970.54,1,2970.54,0.0,0.0,0.08,237.64,0,0,0,0.0,3208.18,False,False,False,Direct,Website,Credit Card,Delivered,8.0
ORD-20250427-010183,2025-04-27,18:08:30,CMS-B38028F7,New,0.1,West,CA,Mens Jewelry,Bracelets,MEN-BRA-54399,14K Gold,None,1442.45,1,1442.45,0.0,0.0,0.075,108.18,0,0,0,0.0,1550.63,False,False,False,Organic Search,Website,Credit Card,Delivered,10.0
ORD-20251204-010184,2025-12-04,16:38:00,CMS-9F7525E8,Premium,2.2,Southeast,TN,Bracelets,Bangle,BRA-BAN-34753,Platinum,Ruby,7738.75,1,7738.75,0.0,0.0,0.065,503.02,0,25,0,0.0,8266.77,True,False,False,Affiliate,Website,Apple Pay,Delivered,9.0
ORD-20250618-010185,2025-06-18,21:51:21,CMS-9F4E6191,Regular,4.7,West,NV,Wedding Bands,Diamond,WED-DIA-60127,Platinum,None,3004.8,1,3004.8,0.0,0.0,0.075,225.36,0,0,0,0.0,3230.16,False,False,False,Email,Website,Credit Card,Delivered,8.0
ORD-20250523-010186,2025-05-23,13:39:44,CMS-7C9FF93B,Regular,4.6,West,NV,Mens Jewelry,Cufflinks,MEN-CUF-42338,18K Yellow Gold,Onyx,3772.66,1,3772.66,0.0,0.0,0.075,282.95,0,0,0,0.0,4055.61,False,False,False,Social Media,Website,Credit Card,Delivered,6.0
ORD-20250629-010187,2025-06-29,22:51:55,CMS-73D7165F,Premium,5.8,Midwest,MN,Necklaces,Layering,NEC-LAY-40632,18K White Gold,Ruby,8513.95,1,8513.95,0.0,0.0,0.07,595.98,0,0,0,0.0,9109.93,False,False,False,Organic Search,Website,Apple Pay,Delivered,10.0
ORD-20251002-010188,2025-10-02,10:22:11,CMS-FF9E596D,Occasional,1.4,Southeast,GA,Bracelets,Cuff,BRA-CUF-11692,Platinum,None,3957.24,1,3957.24,0.0,0.0,0.065,257.22,0,0,0,0.0,4214.46,False,False,False,Paid Search,Private Appointment,Financing,Delivered,10.0
ORD-20250301-010189,2025-03-01,22:48:01,CMS-CD255BF1,Regular,4.8,Northeast,CT,Engagement Rings,Vintage,ENG-VIN-16954,18K Rose Gold,Moissanite,9822.28,1,9822.28,0.0,0.0,0.08,785.78,0,0,0,196.45,10804.51,False,False,True,Paid Search,Boutique Stores,Credit Card,Shipped,
ORD-20250514-010190,2025-05-14,12:06:39,CMS-4A551692,VIP Elite,10.7,Southeast,GA,Engagement Rings,Vintage,ENG-VIN-85876,18K Rose Gold,Moissanite,12894.0,1,12894.0,0.0,0.0,0.065,838.11,0,0,0,257.88,13989.99,False,False,True,Direct,Flagship Store,Credit Card,Delivered,5.0
ORD-20250516-010191,2025-05-16,18:46:35,CMS-32B8923D,New,0.7,West,AZ,Earrings,Drop,EAR-DRO-61180,14K Gold,None,2777.29,3,8331.86,0.0,0.0,0.075,624.89,0,0,0,166.64,9123.39,False,False,True,Organic Search,Website,Wire Transfer,Delivered,9.0
ORD-20251102-010192,2025-11-02,15:45:42,CMS-B3E8CBFB,Regular,3.8,Southeast,GA,Earrings,Hoops,EAR-HOO-72110,18K White Gold,Emerald,5708.32,1,5708.32,0.0,0.0,0.065,371.04,0,0,75,114.17,6268.53,False,True,True,Paid Search,Website,Credit Card,Delivered,9.0
ORD-20250610-010193,2025-06-10,18:50:04,CMS-C4FFE703,Premium,2.6,West,CA,Necklaces,Statement,NEC-STA-19034,Sterling Silver,Pearl,7479.26,1,7479.26,0.0,0.0,0.075,560.94,0,0,0,0.0,8040.2,False,False,False,Email,Website,PayPal,Delivered,10.0
ORD-20250919-010194,2025-09-19,17:05:23,CMS-47FD0967,New,0.9,Southeast,FL,Earrings,Studs,EAR-STU-58829,18K Yellow Gold,Pearl,1862.39,1,1862.39,0.0,0.0,0.065,121.06,0,0,0,0.0,1983.45,False,False,False,Organic Search,Website,Financing,Returned,5.0
ORD-20251023-010195,2025-10-23,09:01:15,CMS-3B199F42,Occasional,1.8,West,CA,Bracelets,Charm,BRA-CHA-53567,Platinum,Ruby,4475.21,3,13425.62,0.0,0.0,0.075,1006.92,0,0,75,268.51,14776.05,True,True,True,Social Media,Website,Credit Card,Delivered,8.0
ORD-20250101-010196,2025-01-01,13:15:19,CMS-67922CA2,VIP Elite,8.9,West,WA,Necklaces,Chain,NEC-CHA-71322,Sterling Silver,Pearl,11203.21,1,11203.21,0.0,0.0,0.075,840.24,0,0,75,224.06,12342.51,False,True,True,Referral,Website,Financing,Delivered,10.0
ORD-20251003-010197,2025-10-03,16:25:13,CMS-9B3C2148,Regular,4.3,Northeast,PA,Gifts & Accessories,Travel Case,GIF-TRA-28346,N/A,N/A,655.66,2,1311.31,0.05,65.57,0.08,104.9,0,0,0,0.0,1350.64,False,False,False,Email,Phone/Concierge,Wire Transfer,Delivered,9.0
ORD-20251218-010198,2025-12-18,16:06:35,CMS-B8B7ED68,Occasional,0.9,Southeast,VA,Earrings,Huggie,EAR-HUG-66058,18K Yellow Gold,Diamond,3615.48,1,3615.48,0.0,0.0,0.065,235.01,0,25,0,0.0,3875.49,True,False,False,Paid Search,Website,Apple Pay,Delivered,9.0
ORD-20251210-010199,2025-12-10,14:57:43,CMS-580CD943,New,0.5,West,AZ,Necklaces,Choker,NEC-CHO-89524,Sterling Silver,Sapphire,4842.91,1,4842.91,0.1,484.29,0.075,363.22,0,0,0,0.0,4721.84,False,False,False,Referral,Boutique Stores,Credit Card,Processing,
ORD-20250809-010200,2025-08-09,12:29:20,CMS-08927E21,New,0.3,West,WA,Mens Jewelry,Cufflinks,MEN-CUF-21575,18K Yellow Gold,Diamond,1391.39,1,1391.39,0.0,0.0,0.075,104.35,0,0,75,0.0,1570.74,False,True,False,Email,Website,Apple Pay,Delivered,6.0
